{"version": {"json_export": "202", "page_segmentation": "5", "schema": "1.1.0", "structure": "1.1093.0", "table_structure": "5"}, "extended_metadata": {"ID_instance": "C9 D0 25 60 3E BA B2 11 0A 00 67 45 8B 6B C6 23 ", "ID_permanent": "44 35 20 34 36 20 32 34 20 36 30 20 33 45 20 42 41 20 42 32 20 31 31 20 30 41 20 30 30 20 36 37 20 34 35 20 38 42 20 36 42 20 43 36 20 32 33 20 ", "has_acroform": false, "has_embedded_files": false, "is_XFA": false, "is_certified": false, "is_encrypted": false, "is_digitally_signed": false, "language": "en", "page_count": 2, "pdf_version": "1.6", "pdfa_compliance_level": "", "pdfua_compliance_level": ""}, "elements": [{"Bounds": [72.0, 704.8890991210938, 356.406494140625, 720.9201049804688], "Font": {"alt_family_name": "Arial", "embedded": true, "encoding": "Identity-H", "family_name": "Arial", "font_type": "CIDFontType2", "italic": false, "monospaced": false, "name": "AAAAAA+Arial-BoldMT", "subset": true, "weight": 700}, "HasClip": false, "Lang": "en", "ObjectID": 124, "Page": 0, "Path": "//Document/Sect/Title", "Text": "Work-Life Balance -written by Summer 2020 Intern! ", "TextSize": 11.5, "attributes": {"LineHeight": 13.75}}, {"Bounds": [72.0, 681.2680969238281, 107.47749328613281, 696.5746002197266], "Font": {"alt_family_name": "Arial", "embedded": true, "encoding": "Identity-H", "family_name": "Arial MT", "font_type": "CIDFontType2", "italic": false, "monospaced": false, "name": "BAAAAA+ArialMT", "subset": true, "weight": 400}, "HasClip": false, "Lang": "en", "ObjectID": 125, "Page": 0, "Path": "//Document/Sect/P", "Text": "Aloha! ", "TextSize": 11.5, "attributes": {"LineHeight": 13.75, "SpaceAfter": 5.875}}, {"Bounds": [71.96549987792969, 644.8591003417969, 531.7355041503906, 675.3686065673828], "Font": {"alt_family_name": "Arial", "embedded": true, "encoding": "Identity-H", "family_name": "Arial MT", "font_type": "CIDFontType2", "italic": false, "monospaced": false, "name": "BAAAAA+ArialMT", "subset": true, "weight": 400}, "HasClip": false, "Lang": "en", "ObjectID": 127, "Page": 0, "Path": "//Document/Sect/P[2]", "Text": "This is my second internship at Facebook and I wanted to share my experience relating to work-life balance. ", "TextSize": 11.5, "attributes": {"SpaceAfter": 3.375}}, {"Bounds": [443.1490173339844, 609.4627075195312, 455.1490173339844, 621.4627075195312], "ObjectID": 130, "Page": 0, "Path": "//Document/Sect/P[3]/Figure", "attributes": {"BBox": [443.14199999999255, 609.4869999999937, 455.1409999999887, 621.4869999999937]}, "filePaths": ["figures/fileoutpart0.png"]}, {"Bounds": [71.9425048828125, 605.7360992431641, 534.875, 638.9595947265625], "Font": {"alt_family_name": "Arial", "embedded": true, "encoding": "Identity-H", "family_name": "Arial MT", "font_type": "CIDFontType2", "italic": false, "monospaced": false, "name": "BAAAAA+ArialMT", "subset": true, "weight": 400}, "HasClip": false, "Lang": "en", "ObjectID": 129, "Page": 0, "Path": "//Document/Sect/P[3]", "Text": "This is something that I struggled with in my first internship, and I always see other interns, old and new, struggling as well. It's a long post but I hope you will read it ", "TextSize": 11.5, "attributes": {"LineHeight": 17.875}}, {"Bounds": [72.0, 583.9022064208984, 194.28500366210938, 597.8421936035156], "Font": {"alt_family_name": "Arial", "embedded": true, "encoding": "Identity-H", "family_name": "Arial", "font_type": "CIDFontType2", "italic": false, "monospaced": false, "name": "AAAAAA+Arial-BoldMT", "subset": true, "weight": 700}, "HasClip": false, "Lang": "en", "ObjectID": 131, "Page": 0, "Path": "//Document/Sect[2]/H1", "Text": "STICK TO WORK HOURS ", "TextSize": 10.0, "attributes": {"LineHeight": 12, "SpaceAfter": 7.375}}, {"Bounds": [72.0, 515.6849060058594, 541.8784942626953, 576.6004028320312], "Font": {"alt_family_name": "Arial", "embedded": true, "encoding": "Identity-H", "family_name": "Arial MT", "font_type": "CIDFontType2", "italic": false, "monospaced": false, "name": "BAAAAA+ArialMT", "subset": true, "weight": 400}, "HasClip": false, "Lang": "en", "ObjectID": 133, "Page": 0, "Path": "//Document/Sect[2]/P", "Text": "At Facebook, it's not only considered good practice to NOT sign in on weekends or during non-work hours, it's encouraged. You are never expected to work overtime as an intern, and when work hours are over, it is important to put everything away and go live your personal life. ", "TextSize": 11.5, "attributes": {"SpaceAfter": 5.875}}, {"Bounds": [71.95399475097656, 433.6669006347656, 536.8874969482422, 509.785400390625], "Font": {"alt_family_name": "Arial", "embedded": true, "encoding": "Identity-H", "family_name": "Arial MT", "font_type": "CIDFontType2", "italic": false, "monospaced": false, "name": "BAAAAA+ArialMT", "subset": true, "weight": 400}, "HasClip": false, "Lang": "en", "ObjectID": 135, "Page": 0, "Path": "//Document/Sect[2]/P[2]", "Text": "I know that may sound obvious, but as an intern it can be very tempting to keep working on that diff until 10PM or just sign in and get some work done on a Saturday to catch up. Trust me, you will burn out, and in my experience, nobody on your team will be impressed by the dedication. In fact it can have detrimental effects because this can convey to your manager that you are unable to make the most of your work hours. ", "TextSize": 11.5, "attributes": {"LineHeight": 15.25, "SpaceAfter": 6, "TextAlign": "Justify"}}, {"Bounds": [71.82749938964844, 336.44590759277344, 542.1199951171875, 427.76739501953125], "Font": {"alt_family_name": "Arial", "embedded": true, "encoding": "Identity-H", "family_name": "Arial MT", "font_type": "CIDFontType2", "italic": false, "monospaced": false, "name": "BAAAAA+ArialMT", "subset": true, "weight": 400}, "HasClip": false, "Lang": "en", "ObjectID": 137, "Page": 0, "Path": "//Document/Sect[2]/P[3]", "Text": "Setting work hours depends on your team. My team likes to work 9-5, but they are an hour behind me, so I chose to work from 10-6. Come 6pm, I almost immediately shut down my MacBook and leave my desk. I rarely open my MacBook before 10am. That said, my manager mentioned that it would be okay for me to work from 9-5 if I wanted, even though it means I'd lose about two hours of communication time with them. People are understanding if you talk to them! ", "TextSize": 11.5}, {"Bounds": [72.0, 314.5664978027344, 145.97000122070312, 328.5065002441406], "Font": {"alt_family_name": "Arial", "embedded": true, "encoding": "Identity-H", "family_name": "Arial", "font_type": "CIDFontType2", "italic": false, "monospaced": false, "name": "AAAAAA+Arial-BoldMT", "subset": true, "weight": 700}, "HasClip": false, "Lang": "en", "ObjectID": 81, "Page": 0, "Path": "//Document/Sect[3]/H1", "Text": "TAKE BREAKS ", "TextSize": 10.0, "attributes": {"LineHeight": 12, "SpaceAfter": 7.5}}, {"Bounds": [71.97700500488281, 276.7550964355469, 500.8695068359375, 307.2646026611328], "Font": {"alt_family_name": "Arial", "embedded": true, "encoding": "Identity-H", "family_name": "Arial MT", "font_type": "CIDFontType2", "italic": false, "monospaced": false, "name": "BAAAAA+ArialMT", "subset": true, "weight": 400}, "HasClip": false, "Lang": "en", "ObjectID": 82, "Page": 0, "Path": "//Document/Sect[3]/P", "Text": "One thing I did almost on day 1 of my second internship was block off an hour in my schedule every single day during lunch. ", "TextSize": 11.5, "attributes": {"SpaceAfter": 5.875}}, {"Bounds": [71.90800476074219, 225.14309692382812, 533.8744964599609, 270.85560607910156], "Font": {"alt_family_name": "Arial", "embedded": true, "encoding": "Identity-H", "family_name": "Arial MT", "font_type": "CIDFontType2", "italic": false, "monospaced": false, "name": "BAAAAA+ArialMT", "subset": true, "weight": 400}, "HasClip": false, "Lang": "en", "ObjectID": 83, "Page": 0, "Path": "//Document/Sect[3]/P[2]", "Text": "From 1pm to 2pm my time (12pm to 1pm for my team), I am free to leave my desk, eat lunch, play with my cats, go outside, etc. During that hour, I don't check my phone much at all. ", "TextSize": 11.5, "attributes": {"SpaceAfter": 6}}, {"Bounds": [196.52200317382812, 203.93710327148438, 265.22300720214844, 219.2436065673828], "Font": {"alt_family_name": "Arial", "embedded": true, "encoding": "Identity-H", "family_name": "Arial MT", "font_type": "CIDFontType2", "italic": false, "monospaced": false, "name": "BAAAAA+ArialMT", "subset": true, "weight": 400}, "HasClip": false, "ObjectID": 59, "Page": 0, "Path": "//Document/Sect[3]/P[3]/StyleSpan/Reference", "Text": "calendar tool ", "TextSize": 11.5}, {"Bounds": [71.83900451660156, 127.92210388183594, 537.4394989013672, 219.2436065673828], "Font": {"alt_family_name": "Arial", "embedded": true, "encoding": "Identity-H", "family_name": "Arial MT", "font_type": "CIDFontType2", "italic": false, "monospaced": false, "name": "BAAAAA+ArialMT", "subset": true, "weight": 400}, "HasClip": false, "Lang": "en", "ObjectID": 78, "Page": 0, "Path": "//Document/Sect[3]/P[3]/StyleSpan", "Text": "I did this by going to the and putting in a \"meeting\" with myself during which my status is \"Away.\" What this does for me is prevents my manager and other peers from scheduling meetings during that time, so that I am always guaranteed to have my break. I prefer one solid hour in the day, but you could also take multiple smaller breaks. There's no real hard rule that I know of on how long you can take breaks for, but it's good to be reasonable. ", "TextSize": 11.5, "attributes": {"SpaceAfter": 6}}, {"Bounds": [71.81599426269531, 91.51310729980469, 534.5989990234375, 122.02259826660156], "Font": {"alt_family_name": "Arial", "embedded": true, "encoding": "Identity-H", "family_name": "Arial MT", "font_type": "CIDFontType2", "italic": false, "monospaced": false, "name": "BAAAAA+ArialMT", "subset": true, "weight": 400}, "HasClip": false, "ObjectID": 85, "Page": 0, "Path": "//Document/Sect[3]/P[4]/ParagraphSpan", "Text": "Taking breaks will keep you energized and able to focus during the day. It might be easy to stay at your desk and hyper-focus during the first week or two, but soon you will get the ", "TextSize": 11.5}, {"Bounds": [72.0, 690.2725982666016, 528.8340454101562, 720.7821044921875], "Font": {"alt_family_name": "Arial", "embedded": true, "encoding": "Identity-H", "family_name": "Arial MT", "font_type": "CIDFontType2", "italic": false, "monospaced": false, "name": "BAAAAA+ArialMT", "subset": true, "weight": 400}, "HasClip": false, "ObjectID": 86, "Page": 1, "Path": "//Document/Sect[3]/P[4]/ParagraphSpan[2]", "Text": "jitters and want to go outside or play Animal Crossing for a bit. That's what breaks are for. Take breaks! Relax a little. It's okay to do. ", "TextSize": 11.5}, {"Bounds": [72.0, 668.4452056884766, 170.5749969482422, 682.3851928710938], "Font": {"alt_family_name": "Arial", "embedded": true, "encoding": "Identity-H", "family_name": "Arial", "font_type": "CIDFontType2", "italic": false, "monospaced": false, "name": "AAAAAA+Arial-BoldMT", "subset": true, "weight": 700}, "HasClip": false, "Lang": "en", "ObjectID": 71, "Page": 1, "Path": "//Document/Sect[4]/H1", "Text": "USE BALANCE BOT ", "TextSize": 10.0, "attributes": {"LineHeight": 12, "SpaceAfter": 7.5}}, {"Bounds": [211.9550018310547, 645.8368072509766, 276.8265075683594, 661.1432952880859], "Font": {"alt_family_name": "Arial", "embedded": true, "encoding": "Identity-H", "family_name": "Arial MT", "font_type": "CIDFontType2", "italic": false, "monospaced": false, "name": "BAAAAA+ArialMT", "subset": true, "weight": 400}, "HasClip": false, "ObjectID": 60, "Page": 1, "Path": "//Document/Sect[4]/P/StyleSpan/Reference", "Text": "Balance Bot ", "TextSize": 11.5}, {"Bounds": [71.97700500488281, 585.0247955322266, 533.2534942626953, 661.1432952880859], "Font": {"alt_family_name": "Arial", "embedded": true, "encoding": "Identity-H", "family_name": "Arial MT", "font_type": "CIDFontType2", "italic": false, "monospaced": false, "name": "BAAAAA+ArialMT", "subset": true, "weight": 400}, "HasClip": false, "Lang": "en", "ObjectID": 69, "Page": 1, "Path": "//Document/Sect[4]/P/StyleSpan", "Text": "Facebook has a tool called which will allow you to mute all your notifications during the times you are not working. You pick the times, and it will let everyone else know that you are away when they private message you. This is important to me so that I can focus only on my personal life when work is over. I highly suggest using it. I will provide a screenshot of my hours so you can see how I use it. ", "TextSize": 11.5}, {"Bounds": [72.0, 563.1840057373047, 153.18099975585938, 577.1239929199219], "Font": {"alt_family_name": "Arial", "embedded": true, "encoding": "Identity-H", "family_name": "Arial", "font_type": "CIDFontType2", "italic": false, "monospaced": false, "name": "AAAAAA+Arial-BoldMT", "subset": true, "weight": 700}, "HasClip": false, "Lang": "en", "ObjectID": 98, "Page": 1, "Path": "//Document/Sect[5]/H1", "Text": "COMMUNICATE! ", "TextSize": 10.0, "attributes": {"LineHeight": 12, "SpaceAfter": 7.5}}, {"Bounds": [72.0, 525.3726959228516, 541.5794982910156, 555.8822021484375], "Font": {"alt_family_name": "Arial", "embedded": true, "encoding": "Identity-H", "family_name": "Arial MT", "font_type": "CIDFontType2", "italic": false, "monospaced": false, "name": "BAAAAA+ArialMT", "subset": true, "weight": 400}, "HasClip": false, "Lang": "en", "ObjectID": 100, "Page": 1, "Path": "//Document/Sect[5]/P", "Text": "You may be concerned that doing all this will upset your manager or cause problems in your team. ", "TextSize": 11.5, "attributes": {"SpaceAfter": 6.125}}, {"Bounds": [71.98849487304688, 488.9636993408203, 510.66749572753906, 519.4732055664062], "Font": {"alt_family_name": "Arial", "embedded": true, "encoding": "Identity-H", "family_name": "Arial MT", "font_type": "CIDFontType2", "italic": false, "monospaced": false, "name": "BAAAAA+ArialMT", "subset": true, "weight": 400}, "HasClip": false, "Lang": "en", "ObjectID": 102, "Page": 1, "Path": "//Document/Sect[5]/P[2]", "Text": "First of all, nobody will be upset at you for having a work-life balance, especially as an intern. I would argue that people will actually respect you for it. ", "TextSize": 11.5, "attributes": {"SpaceAfter": 6}}, {"Bounds": [71.93099975585938, 422.14869689941406, 530.8385009765625, 483.06419372558594], "Font": {"alt_family_name": "Arial", "embedded": true, "encoding": "Identity-H", "family_name": "Arial MT", "font_type": "CIDFontType2", "italic": false, "monospaced": false, "name": "BAAAAA+ArialMT", "subset": true, "weight": 400}, "HasClip": false, "Lang": "en", "ObjectID": 104, "Page": 1, "Path": "//Document/Sect[5]/P[3]", "Text": "Second, communication is key. Just as I did, ask your manager what their work hours are, suggest some hours that will work for you (you are being paid for 40 hours per week so don't go over), and make it clear when you will take breaks. Any good manager will work with you on this and be happy that you are taking breaks. ", "TextSize": 11.5, "attributes": {"SpaceAfter": 6}}, {"Bounds": [71.89649963378906, 340.1307067871094, 541.2575073242188, 416.24920654296875], "Font": {"alt_family_name": "Arial", "embedded": true, "encoding": "Identity-H", "family_name": "Arial MT", "font_type": "CIDFontType2", "italic": false, "monospaced": false, "name": "BAAAAA+ArialMT", "subset": true, "weight": 400}, "HasClip": false, "Lang": "en", "ObjectID": 106, "Page": 1, "Path": "//Document/Sect[5]/P[4]", "Text": "Like I mentioned before, breaks will keep you energized. Something interns are concerned about a lot is that they will get behind if they take breaks or don't work overtime. What I have found is that, while counterintuitive, taking breaks actually helps you accomplish more. You are more able to focus, learn, and get work done if you take breaks, relax, and respect the boundary between work and personal hours. ", "TextSize": 11.5}, {"Bounds": [72.0, 318.26319885253906, 118.3800048828125, 332.2032012939453], "Font": {"alt_family_name": "Arial", "embedded": true, "encoding": "Identity-H", "family_name": "Arial", "font_type": "CIDFontType2", "italic": false, "monospaced": false, "name": "AAAAAA+Arial-BoldMT", "subset": true, "weight": 700}, "HasClip": false, "Lang": "en", "ObjectID": 107, "Page": 1, "Path": "//Document/Sect[6]/H1", "Text": "MAHALO ", "TextSize": 10.0, "attributes": {"LineHeight": 12, "SpaceAfter": 6.875}}, {"Bounds": [180.70883178710938, 220.641845703125, 192.70883178710938, 232.641845703125], "ClipBounds": [180.70883178710938, 220.641845703125, 192.70883178710938, 232.641845703125], "ObjectID": 110, "Page": 1, "Path": "//Document/Sect[6]/P/Figure", "attributes": {"BBox": [180.7129999999961, 220.70299999999406, 192.71199999999953, 232.70299999999406]}, "filePaths": ["figures/fileoutpart1.png"]}, {"Bounds": [71.87350463867188, 216.92579650878906, 539.1990051269531, 310.9613037109375], "ClipBounds": [71.87350463867188, 216.92579650878906, 539.1990051269531, 310.9613037109375], "Font": {"alt_family_name": "Arial", "embedded": true, "encoding": "Identity-H", "family_name": "Arial MT", "font_type": "CIDFontType2", "italic": false, "monospaced": false, "name": "BAAAAA+ArialMT", "subset": true, "weight": 400}, "HasClip": false, "Lang": "en", "ObjectID": 109, "Page": 1, "Path": "//Document/Sect[6]/P", "Text": "This post got longer than I expected but I hope that it helps some of you feel better about signing off when it's time to sign off. Go enjoy your life! Facebook is better at work-life balance than any other company I've ever worked for, and it's one of my favorite parts of working here. I love that I actually have a weekend when I work here. It's not like college where you must often complete assignments on a Sunday night to stay caught up. You're in the \"real world\" now. Mahalo for reading. ", "TextSize": 11.5}], "pages": [{"boxes": {"CropBox": [0.0, 0.0, 612.0, 792.0], "MediaBox": [0.0, 0.0, 612.0, 792.0]}, "height": 792.0, "is_scanned": false, "page_number": 0, "rotation": 0, "width": 612.0}, {"boxes": {"CropBox": [0.0, 0.0, 612.0, 792.0], "MediaBox": [0.0, 0.0, 612.0, 792.0]}, "height": 792.0, "is_scanned": false, "page_number": 1, "rotation": 0, "width": 612.0}]}