{"version": {"json_export": "202", "page_segmentation": "5", "schema": "1.1.0", "structure": "1.1093.0", "table_structure": "5"}, "extended_metadata": {"ID_instance": "E5 57 E6 37 3C BA B2 11 0A 00 67 45 8B 6B C6 23 ", "ID_permanent": "32 31 20 41 31 20 45 32 20 33 37 20 33 43 20 42 41 20 42 32 20 31 31 20 30 41 20 30 30 20 36 37 20 34 35 20 38 42 20 36 42 20 43 36 20 32 33 20 ", "has_acroform": false, "has_embedded_files": false, "is_XFA": false, "is_certified": false, "is_encrypted": false, "is_digitally_signed": false, "language": "en", "page_count": 6, "pdf_version": "1.6", "pdfa_compliance_level": "", "pdfua_compliance_level": ""}, "elements": [{"Bounds": [465.75, 698.25, 538.5, 718.5], "ObjectID": 81, "Page": 0, "Path": "//Document/Figure", "attributes": {"BBox": [465.7009999999864, 698.2839999999851, 538.417999999976, 718.5629999999946], "Placement": "Block"}, "filePaths": ["figures/fileoutpart0.png"]}, {"Bounds": [72.0, 657.7066955566406, 496.24200439453125, 684.397705078125], "Font": {"alt_family_name": "Optimistic Display", "embedded": true, "encoding": "Identity-H", "family_name": "Optimistic Display", "font_type": "CIDFontType2", "italic": false, "monospaced": false, "name": "AAAAAA+OptimisticDisplay-Light", "subset": true, "weight": 300}, "HasClip": false, "Lang": "en", "ObjectID": 82, "Page": 0, "Path": "//Document/Title", "Text": "Meta University Eng Project Plan Template ", "TextSize": 21.0, "attributes": {"LineHeight": 25.25, "SpaceAfter": 7}}, {"Bounds": [384.88800048828125, 564.3739929199219, 461.80902099609375, 580.2787475585938], "Font": {"alt_family_name": "Optimistic Display", "embedded": true, "encoding": "Identity-H", "family_name": "Optimistic Display", "font_type": "CIDFontType2", "italic": false, "monospaced": false, "name": "AAAAAA+OptimisticDisplay-Light", "subset": true, "weight": 300}, "HasClip": false, "ObjectID": 65, "Page": 0, "Path": "//Document/P/StyleSpan/Reference", "Text": "Project Guide", "TextSize": 12.0}, {"Bounds": [71.83200073242188, 564.3739929199219, 531.156005859375, 650.7619934082031], "Font": {"alt_family_name": "Optimistic Display", "embedded": true, "encoding": "Identity-H", "family_name": "Optimistic Display", "font_type": "CIDFontType2", "italic": false, "monospaced": false, "name": "AAAAAA+OptimisticDisplay-Light", "subset": true, "weight": 300}, "HasClip": false, "Lang": "en", "ObjectID": 78, "Page": 0, "Path": "//Document/P", "Text": "Fill in blanks (enclosed by brackets []) and remove red text as you work through writing your project plan. Your project plan should be a living document and can be changed as you progress through the internship. Make sure to work on this document together with your manager to get feedback, as well as ensuring your project meets the requirements and expectations in the . ", "TextSize": 12.0, "attributes": {"LineHeight": 17.75, "SpaceAfter": 18}}, {"Bounds": [72.0, 516.0075073242188, 219.552001953125, 541.4275054931641], "Font": {"alt_family_name": "Optimistic Display", "embedded": true, "encoding": "Identity-H", "family_name": "Optimistic Display", "font_type": "CIDFontType2", "italic": false, "monospaced": false, "name": "AAAAAA+OptimisticDisplay-Light", "subset": true, "weight": 300}, "HasClip": false, "Lang": "en", "ObjectID": 83, "Page": 0, "Path": "//Document/H1", "Text": "[Project Name] ", "TextSize": 20.0, "attributes": {"LineHeight": 24, "SpaceAfter": 9.75}}, {"Bounds": [72.0, 490.96800231933594, 184.0919952392578, 506.2200012207031], "Font": {"alt_family_name": "Optimistic Display", "embedded": true, "encoding": "Identity-H", "family_name": "Optimistic Display", "font_type": "CIDFontType2", "italic": false, "monospaced": false, "name": "AAAAAA+OptimisticDisplay-Light", "subset": true, "weight": 300}, "HasClip": false, "ObjectID": 92, "Page": 0, "Path": "//Document/P[2]/Sub", "Text": "Intern: Fanuel Dana ", "TextSize": 12.0, "attributes": {"Placement": "Block"}}, {"Bounds": [72.0, 473.1840057373047, 206.85000610351562, 488.4360046386719], "Font": {"alt_family_name": "Optimistic Display", "embedded": true, "encoding": "Identity-H", "family_name": "Optimistic Display", "font_type": "CIDFontType2", "italic": false, "monospaced": false, "name": "AAAAAA+OptimisticDisplay-Light", "subset": true, "weight": 300}, "HasClip": false, "ObjectID": 93, "Page": 0, "Path": "//Document/P[2]/Sub[2]", "Text": "Intern Manager: Eric Ou ", "TextSize": 12.0, "attributes": {"Placement": "Block"}}, {"Bounds": [71.98800659179688, 455.3999938964844, 219.28799438476562, 470.65199279785156], "Font": {"alt_family_name": "Optimistic Display", "embedded": true, "encoding": "Identity-H", "family_name": "Optimistic Display", "font_type": "CIDFontType2", "italic": false, "monospaced": false, "name": "AAAAAA+OptimisticDisplay-Light", "subset": true, "weight": 300}, "HasClip": false, "ObjectID": 94, "Page": 0, "Path": "//Document/P[2]/Sub[3]", "Text": "Intern Director: Emily Earl ", "TextSize": 12.0, "attributes": {"Placement": "Block"}}, {"Bounds": [71.97599792480469, 437.6159973144531, 187.3560028076172, 452.8679962158203], "Font": {"alt_family_name": "Optimistic Display", "embedded": true, "encoding": "Identity-H", "family_name": "Optimistic Display", "font_type": "CIDFontType2", "italic": false, "monospaced": false, "name": "AAAAAA+OptimisticDisplay-Light", "subset": true, "weight": 300}, "HasClip": false, "ObjectID": 95, "Page": 0, "Path": "//Document/P[2]/Sub[4]", "Text": "Peer(s): Stanley Lim ", "TextSize": 12.0, "attributes": {"Placement": "Block"}}, {"Bounds": [71.97599792480469, 419.8320007324219, 244.8780059814453, 435.08399963378906], "Font": {"alt_family_name": "Optimistic Display", "embedded": true, "encoding": "Identity-H", "family_name": "Optimistic Display", "font_type": "CIDFontType2", "italic": false, "monospaced": false, "name": "AAAAAA+OptimisticDisplay-Light", "subset": true, "weight": 300}, "HasClip": false, "ObjectID": 96, "Page": 0, "Path": "//Document/P[2]/Sub[5]", "Text": "GitHub Repository Link: [Link] ", "TextSize": 12.0, "attributes": {"Placement": "Block"}}, {"Bounds": [72.0, 378.7633972167969, 146.60479736328125, 399.0993957519531], "Font": {"alt_family_name": "Optimistic Display", "embedded": true, "encoding": "Identity-H", "family_name": "Optimistic Display", "font_type": "CIDFontType2", "italic": false, "monospaced": false, "name": "AAAAAA+OptimisticDisplay-Light", "subset": true, "weight": 300}, "HasClip": false, "Lang": "en", "ObjectID": 85, "Page": 0, "Path": "//Document/H1[2]", "Text": "Overview ", "TextSize": 16.0, "attributes": {"LineHeight": 19.25, "SpaceAfter": 7.75}}, {"Bounds": [71.82000732421875, 265.43299865722656, 524.1360015869141, 369.60499572753906], "Font": {"alt_family_name": "Optimistic Display", "embedded": true, "encoding": "Identity-H", "family_name": "Optimistic Display", "font_type": "CIDFontType2", "italic": false, "monospaced": false, "name": "AAAAAA+OptimisticDisplay-Light", "subset": true, "weight": 300}, "HasClip": false, "Lang": "en", "ObjectID": 86, "Page": 0, "Path": "//Document/P[3]", "Text": "The process of learning something new could get frustrating and hard ,and as a result we might fall into the trap of hating what we are learning just because we didn\u2019t have a good experience with it in our first encounter. Think of a subject you love, what made you like it? One of your top answers might be the way a specific teacher presented the material to you. This is exactly what this platform seeks to do. Present a material in a way that is palpable and analytical. ", "TextSize": 12.0, "attributes": {"LineHeight": 17.75, "SpaceAfter": 17.875}}, {"Bounds": [71.67599487304688, 158.72900390625, 534.7440032958984, 245.11700439453125], "Font": {"alt_family_name": "Optimistic Display", "embedded": true, "encoding": "Identity-H", "family_name": "Optimistic Display", "font_type": "CIDFontType2", "italic": false, "monospaced": false, "name": "AAAAAA+OptimisticDisplay-Light", "subset": true, "weight": 300}, "HasClip": false, "Lang": "en", "ObjectID": 87, "Page": 0, "Path": "//Document/P[4]", "Text": "By using AI generated explanations with varying levels of complexity and viewpoints, this platform allows its users to consume knowledge in a faster and more dynamic way. Large language models have their faults ,but by narrowing the scope of the data points they take into consideration we can use them to make the most out of the learning process. ", "TextSize": 12.0, "attributes": {"LineHeight": 17.75, "SpaceAfter": 18}}, {"Bounds": [89.66400146484375, 122.93299865722656, 99.91200256347656, 138.90499877929688], "Font": {"alt_family_name": "Arial", "embedded": true, "encoding": "Identity-H", "family_name": "Arial MT", "font_type": "CIDFontType2", "italic": false, "monospaced": false, "name": "BAAAAA+ArialMT", "subset": true, "weight": 400}, "HasClip": false, "ObjectID": 372, "Page": 0, "Path": "//Document/L/LI/Lbl", "Text": "\u25cf ", "TextSize": 12.0}, {"Bounds": [107.66400146484375, 123.16099548339844, 224.91000366210938, 138.41299438476562], "Font": {"alt_family_name": "Optimistic Display", "embedded": true, "encoding": "Identity-H", "family_name": "Optimistic Display", "font_type": "CIDFontType2", "italic": false, "monospaced": false, "name": "AAAAAA+OptimisticDisplay-Light", "subset": true, "weight": 300}, "HasClip": false, "ObjectID": 373, "Page": 0, "Path": "//Document/L/LI/LBody", "Text": "Category: Education ", "TextSize": 12.0}, {"Bounds": [89.66400146484375, 105.14900207519531, 99.91200256347656, 121.12100219726562], "Font": {"alt_family_name": "Arial", "embedded": true, "encoding": "Identity-H", "family_name": "Arial MT", "font_type": "CIDFontType2", "italic": false, "monospaced": false, "name": "BAAAAA+ArialMT", "subset": true, "weight": 400}, "HasClip": false, "ObjectID": 369, "Page": 0, "Path": "//Document/L/LI[2]/Lbl", "Text": "\u25cf ", "TextSize": 12.0}, {"Bounds": [107.65199279785156, 87.59300231933594, 516.2519989013672, 120.62899780273438], "Font": {"alt_family_name": "Optimistic Display", "embedded": true, "encoding": "Identity-H", "family_name": "Optimistic Display", "font_type": "CIDFontType2", "italic": false, "monospaced": false, "name": "AAAAAA+OptimisticDisplay-Light", "subset": true, "weight": 300}, "HasClip": false, "ObjectID": 370, "Page": 0, "Path": "//Document/L/LI[2]/LBody", "Text": "Story: a platform that streamlines and makes the process of learning something new easy and efficient with the help of large language models. ", "TextSize": 12.0}, {"Bounds": [90.0, 703.8780059814453, 100.24800109863281, 719.8500061035156], "Font": {"alt_family_name": "Arial", "embedded": true, "encoding": "Identity-H", "family_name": "Arial MT", "font_type": "CIDFontType2", "italic": false, "monospaced": false, "name": "BAAAAA+ArialMT", "subset": true, "weight": 400}, "HasClip": false, "ObjectID": 366, "Page": 1, "Path": "//Document/L/LI[3]/Lbl", "Text": "\u25cf ", "TextSize": 12.0}, {"Bounds": [108.0, 704.1060028076172, 402.07200622558594, 719.3580017089844], "Font": {"alt_family_name": "Optimistic Display", "embedded": true, "encoding": "Identity-H", "family_name": "Optimistic Display", "font_type": "CIDFontType2", "italic": false, "monospaced": false, "name": "AAAAAA+OptimisticDisplay-Light", "subset": true, "weight": 300}, "HasClip": false, "ObjectID": 367, "Page": 1, "Path": "//Document/L/LI[3]/LBody", "Text": "Market: Any one who wants to learn something new. ", "TextSize": 12.0}, {"Bounds": [89.97599792480469, 686.093994140625, 100.2239990234375, 702.0659942626953], "Font": {"alt_family_name": "Arial", "embedded": true, "encoding": "Identity-H", "family_name": "Arial MT", "font_type": "CIDFontType2", "italic": false, "monospaced": false, "name": "BAAAAA+ArialMT", "subset": true, "weight": 400}, "HasClip": false, "ObjectID": 363, "Page": 1, "Path": "//Document/L/LI[4]/Lbl", "Text": "\u25cf ", "TextSize": 12.0}, {"Bounds": [107.97599792480469, 686.3220062255859, 299.3280029296875, 701.5740051269531], "Font": {"alt_family_name": "Optimistic Display", "embedded": true, "encoding": "Identity-H", "family_name": "Optimistic Display", "font_type": "CIDFontType2", "italic": false, "monospaced": false, "name": "AAAAAA+OptimisticDisplay-Light", "subset": true, "weight": 300}, "HasClip": false, "ObjectID": 364, "Page": 1, "Path": "//Document/L/LI[4]/LBody", "Text": "Habit: Three to four times a week. ", "TextSize": 12.0}, {"Bounds": [89.96400451660156, 668.3099975585938, 100.21200561523438, 684.2819976806641], "Font": {"alt_family_name": "Arial", "embedded": true, "encoding": "Identity-H", "family_name": "Arial MT", "font_type": "CIDFontType2", "italic": false, "monospaced": false, "name": "BAAAAA+ArialMT", "subset": true, "weight": 400}, "HasClip": false, "ObjectID": 360, "Page": 1, "Path": "//Document/L/LI[5]/Lbl", "Text": "\u25cf ", "TextSize": 12.0}, {"Bounds": [107.94000244140625, 650.7539978027344, 534.5399932861328, 683.7899932861328], "Font": {"alt_family_name": "Optimistic Display", "embedded": true, "encoding": "Identity-H", "family_name": "Optimistic Display", "font_type": "CIDFontType2", "italic": false, "monospaced": false, "name": "AAAAAA+OptimisticDisplay-Light", "subset": true, "weight": 300}, "HasClip": false, "ObjectID": 361, "Page": 1, "Path": "//Document/L/LI[5]/LBody", "Text": "Scope: Academic learning is the primary goal with plans to incorporate other forms. ", "TextSize": 12.0}, {"Bounds": [72.0, 609.6828002929688, 178.0688018798828, 630.018798828125], "Font": {"alt_family_name": "Optimistic Display", "embedded": true, "encoding": "Identity-H", "family_name": "Optimistic Display", "font_type": "CIDFontType2", "italic": false, "monospaced": false, "name": "AAAAAA+OptimisticDisplay-Light", "subset": true, "weight": 300}, "HasClip": false, "Lang": "en", "ObjectID": 305, "Page": 1, "Path": "//Document/H1[3]", "Text": "Product Spec ", "TextSize": 16.0, "attributes": {"LineHeight": 19.25, "SpaceAfter": 18}}, {"Bounds": [72.0, 572.6233978271484, 155.5072021484375, 590.4174041748047], "Font": {"alt_family_name": "Optimistic Display", "embedded": true, "encoding": "Identity-H", "family_name": "Optimistic Display", "font_type": "CIDFontType2", "italic": false, "monospaced": false, "name": "AAAAAA+OptimisticDisplay-Light", "subset": true, "weight": 300}, "HasClip": false, "Lang": "en", "ObjectID": 306, "Page": 1, "Path": "//Document/H2", "Text": "User Stories ", "TextSize": 14.0, "attributes": {"LineHeight": 16.75, "SpaceAfter": 8.375}}, {"Bounds": [72.0, 550.5276031494141, 493.24200439453125, 565.7796020507812], "Font": {"alt_family_name": "Optimistic Display", "embedded": true, "encoding": "Identity-H", "family_name": "Optimistic Display", "font_type": "CIDFontType2", "italic": false, "monospaced": false, "name": "AAAAAA+OptimisticDisplay-Light", "subset": true, "weight": 300}, "HasClip": false, "Lang": "en", "ObjectID": 307, "Page": 1, "Path": "//Document/P[5]", "Text": "User stories are actions that the user should be able to perform in your app. ", "TextSize": 12.0, "attributes": {"LineHeight": 14.375, "SpaceAfter": 17.75}}, {"Bounds": [71.90400695800781, 479.3916015625, 541.2779998779297, 530.2115936279297], "Font": {"alt_family_name": "Optimistic Display", "embedded": true, "encoding": "Identity-H", "family_name": "Optimistic Display", "font_type": "CIDFontType2", "italic": false, "monospaced": false, "name": "AAAAAA+OptimisticDisplay-Light", "subset": true, "weight": 300}, "HasClip": false, "Lang": "en", "ObjectID": 308, "Page": 1, "Path": "//Document/P[6]", "Text": "First, focus and identify functionality that is required for your MVP (Minimum Viable Product) that conforms to all the project requirements and expectations. Make sure your technical challenges are part of your MVP. ", "TextSize": 12.0, "attributes": {"LineHeight": 17.75, "SpaceAfter": 17.875, "TextAlign": "Justify"}}, {"Bounds": [71.07209777832031, 408.27439880371094, 530.5440063476562, 459.0756072998047], "Font": {"alt_family_name": "Optimistic Display", "embedded": true, "encoding": "Identity-H", "family_name": "Optimistic Display", "font_type": "CIDFontType2", "italic": false, "monospaced": false, "name": "AAAAAA+OptimisticDisplay-Light", "subset": true, "weight": 300}, "HasClip": false, "Lang": "en", "ObjectID": 309, "Page": 1, "Path": "//Document/P[7]", "Text": "You should also identify optional / nice-to-have functionalities that would be done as stretch goals during MU Week 8 and 9. Remember, technical challenges should not be optional features, they must be code complete before the end of Week 8! ", "TextSize": 12.0, "attributes": {"LineHeight": 17.75, "SpaceAfter": 17.375, "TextAlign": "Justify"}}, {"Bounds": [71.98629760742188, 376.5010986328125, 125.87229919433594, 391.7530975341797], "Font": {"alt_family_name": "Optimistic Display", "embedded": true, "encoding": "Identity-H", "family_name": "Optimistic Display", "font_type": "CIDFontType2", "italic": false, "monospaced": false, "name": "AAAAAA+OptimisticDisplay-Light", "subset": true, "weight": 300}, "HasClip": false, "Lang": "en", "ObjectID": 310, "Page": 1, "Path": "//Document/P[8]", "Text": "Required ", "TextSize": 12.0, "attributes": {"LineHeight": 14.375, "SpaceAfter": 7.375}}, {"Bounds": [89.98629760742188, 354.49310302734375, 100.23429870605469, 370.46510314941406], "Font": {"alt_family_name": "Arial", "embedded": true, "encoding": "Identity-H", "family_name": "Arial MT", "font_type": "CIDFontType2", "italic": false, "monospaced": false, "name": "BAAAAA+ArialMT", "subset": true, "weight": 400}, "HasClip": false, "ObjectID": 346, "Page": 1, "Path": "//Document/L[2]/LI/Lbl", "Text": "\u25cf ", "TextSize": 12.0}, {"Bounds": [107.98629760742188, 354.7210998535156, 188.80630493164062, 369.9730987548828], "Font": {"alt_family_name": "Optimistic Display", "embedded": true, "encoding": "Identity-H", "family_name": "Optimistic Display", "font_type": "CIDFontType2", "italic": false, "monospaced": false, "name": "AAAAAA+OptimisticDisplay-Light", "subset": true, "weight": 300}, "HasClip": false, "ObjectID": 347, "Page": 1, "Path": "//Document/L[2]/LI/LBody", "Text": "User can login ", "TextSize": 12.0}, {"Bounds": [89.97430419921875, 336.7091064453125, 100.22230529785156, 352.6811065673828], "Font": {"alt_family_name": "Arial", "embedded": true, "encoding": "Identity-H", "family_name": "Arial MT", "font_type": "CIDFontType2", "italic": false, "monospaced": false, "name": "BAAAAA+ArialMT", "subset": true, "weight": 400}, "HasClip": false, "ObjectID": 343, "Page": 1, "Path": "//Document/L[2]/LI[2]/Lbl", "Text": "\u25cf ", "TextSize": 12.0}, {"Bounds": [107.97430419921875, 336.9371032714844, 262.4803009033203, 352.18910217285156], "Font": {"alt_family_name": "Optimistic Display", "embedded": true, "encoding": "Identity-H", "family_name": "Optimistic Display", "font_type": "CIDFontType2", "italic": false, "monospaced": false, "name": "AAAAAA+OptimisticDisplay-Light", "subset": true, "weight": 300}, "HasClip": false, "ObjectID": 344, "Page": 1, "Path": "//Document/L[2]/LI[2]/LBody", "Text": "User can create an account ", "TextSize": 12.0}, {"Bounds": [89.96229553222656, 318.9250946044922, 100.21029663085938, 334.8970947265625], "Font": {"alt_family_name": "Arial", "embedded": true, "encoding": "Identity-H", "family_name": "Arial MT", "font_type": "CIDFontType2", "italic": false, "monospaced": false, "name": "BAAAAA+ArialMT", "subset": true, "weight": 400}, "HasClip": false, "ObjectID": 340, "Page": 1, "Path": "//Document/L[2]/LI[3]/Lbl", "Text": "\u25cf ", "TextSize": 12.0}, {"Bounds": [107.96229553222656, 319.1531066894531, 427.7563018798828, 334.4051055908203], "Font": {"alt_family_name": "Optimistic Display", "embedded": true, "encoding": "Identity-H", "family_name": "Optimistic Display", "font_type": "CIDFontType2", "italic": false, "monospaced": false, "name": "AAAAAA+OptimisticDisplay-Light", "subset": true, "weight": 300}, "HasClip": false, "ObjectID": 341, "Page": 1, "Path": "//Document/L[2]/LI[3]/LBody", "Text": "User can upload a small file related to an academic study. ", "TextSize": 12.0}, {"Bounds": [89.92630004882812, 301.14109802246094, 100.17430114746094, 317.11309814453125], "Font": {"alt_family_name": "Arial", "embedded": true, "encoding": "Identity-H", "family_name": "Arial MT", "font_type": "CIDFontType2", "italic": false, "monospaced": false, "name": "BAAAAA+ArialMT", "subset": true, "weight": 400}, "HasClip": false, "ObjectID": 337, "Page": 1, "Path": "//Document/L[2]/LI[4]/Lbl", "Text": "\u25cf ", "TextSize": 12.0}, {"Bounds": [107.92630004882812, 301.3690948486328, 472.18629455566406, 316.62109375], "Font": {"alt_family_name": "Optimistic Display", "embedded": true, "encoding": "Identity-H", "family_name": "Optimistic Display", "font_type": "CIDFontType2", "italic": false, "monospaced": false, "name": "AAAAAA+OptimisticDisplay-Light", "subset": true, "weight": 300}, "HasClip": false, "ObjectID": 338, "Page": 1, "Path": "//Document/L[2]/LI[4]/LBody", "Text": "User can click on a specific word to get the meaning of that word. ", "TextSize": 12.0}, {"Bounds": [89.89030456542969, 283.3571014404297, 100.1383056640625, 299.3291015625], "Font": {"alt_family_name": "Arial", "embedded": true, "encoding": "Identity-H", "family_name": "Arial MT", "font_type": "CIDFontType2", "italic": false, "monospaced": false, "name": "BAAAAA+ArialMT", "subset": true, "weight": 400}, "HasClip": false, "ObjectID": 334, "Page": 1, "Path": "//Document/L[2]/LI[5]/Lbl", "Text": "\u25cf ", "TextSize": 12.0}, {"Bounds": [107.85429382324219, 265.8011016845703, 485.6683044433594, 298.83709716796875], "Font": {"alt_family_name": "Optimistic Display", "embedded": true, "encoding": "Identity-H", "family_name": "Optimistic Display", "font_type": "CIDFontType2", "italic": false, "monospaced": false, "name": "AAAAAA+OptimisticDisplay-Light", "subset": true, "weight": 300}, "HasClip": false, "ObjectID": 335, "Page": 1, "Path": "//Document/L[2]/LI[5]/LBody", "Text": "User can click on a specific word in combination with a key to get an explanation in the context of things. ", "TextSize": 12.0}, {"Bounds": [71.84230041503906, 234.0251007080078, 123.19630432128906, 249.277099609375], "Font": {"alt_family_name": "Optimistic Display", "embedded": true, "encoding": "Identity-H", "family_name": "Optimistic Display", "font_type": "CIDFontType2", "italic": false, "monospaced": false, "name": "AAAAAA+OptimisticDisplay-Light", "subset": true, "weight": 300}, "HasClip": false, "Lang": "en", "ObjectID": 312, "Page": 1, "Path": "//Document/P[9]", "Text": "Optional ", "TextSize": 12.0, "attributes": {"LineHeight": 14.375, "SpaceAfter": 7.5}}, {"Bounds": [89.84230041503906, 212.01710510253906, 100.09030151367188, 227.98910522460938], "Font": {"alt_family_name": "Arial", "embedded": true, "encoding": "Identity-H", "family_name": "Arial MT", "font_type": "CIDFontType2", "italic": false, "monospaced": false, "name": "BAAAAA+ArialMT", "subset": true, "weight": 400}, "HasClip": false, "ObjectID": 325, "Page": 1, "Path": "//Document/L[3]/LI/Lbl", "Text": "\u25cf ", "TextSize": 12.0}, {"Bounds": [107.84230041503906, 212.24510192871094, 416.4822998046875, 227.49710083007812], "Font": {"alt_family_name": "Optimistic Display", "embedded": true, "encoding": "Identity-H", "family_name": "Optimistic Display", "font_type": "CIDFontType2", "italic": false, "monospaced": false, "name": "AAAAAA+OptimisticDisplay-Light", "subset": true, "weight": 300}, "HasClip": false, "ObjectID": 326, "Page": 1, "Path": "//Document/L[3]/LI/LBody", "Text": "User can share it their studies and ideas to their friends ", "TextSize": 12.0}, {"Bounds": [89.81829833984375, 194.23309326171875, 100.06629943847656, 210.20509338378906], "Font": {"alt_family_name": "Arial", "embedded": true, "encoding": "Identity-H", "family_name": "Arial MT", "font_type": "CIDFontType2", "italic": false, "monospaced": false, "name": "BAAAAA+ArialMT", "subset": true, "weight": 400}, "HasClip": false, "ObjectID": 322, "Page": 1, "Path": "//Document/L[3]/LI[2]/Lbl", "Text": "\u25cf ", "TextSize": 12.0}, {"Bounds": [107.81829833984375, 194.4611053466797, 292.8222961425781, 209.71310424804688], "Font": {"alt_family_name": "Optimistic Display", "embedded": true, "encoding": "Identity-H", "family_name": "Optimistic Display", "font_type": "CIDFontType2", "italic": false, "monospaced": false, "name": "AAAAAA+OptimisticDisplay-Light", "subset": true, "weight": 300}, "HasClip": false, "ObjectID": 323, "Page": 1, "Path": "//Document/L[3]/LI[2]/LBody", "Text": "User can ask follow up questions ", "TextSize": 12.0}, {"Bounds": [72.0, 158.03390502929688, 199.83120727539062, 175.82789611816406], "Font": {"alt_family_name": "Optimistic Display", "embedded": true, "encoding": "Identity-H", "family_name": "Optimistic Display", "font_type": "CIDFontType2", "italic": false, "monospaced": false, "name": "AAAAAA+OptimisticDisplay-Light", "subset": true, "weight": 300}, "HasClip": false, "Lang": "en", "ObjectID": 314, "Page": 1, "Path": "//Document/H2[2]", "Text": "Screen Archetypes ", "TextSize": 14.0, "attributes": {"LineHeight": 16.75, "SpaceAfter": 18}}, {"Bounds": [71.97599792480469, 103.60760498046875, 532.1399993896484, 136.6436004638672], "Font": {"alt_family_name": "Optimistic Display", "embedded": true, "encoding": "Identity-H", "family_name": "Optimistic Display", "font_type": "CIDFontType2", "italic": false, "monospaced": false, "name": "AAAAAA+OptimisticDisplay-Light", "subset": true, "weight": 300}, "HasClip": false, "Lang": "en", "ObjectID": 315, "Page": 1, "Path": "//Document/P[10]", "Text": "[Describe the different screens that, together, compose the full experience of your app. You can leverage anything you want, such as diagrams and mocks.] ", "TextSize": 12.0, "attributes": {"LineHeight": 17.75}}, {"Bounds": [71.97599792480469, 686.3220062255859, 520.0200042724609, 719.3580017089844], "Font": {"alt_family_name": "Optimistic Display", "embedded": true, "encoding": "Identity-H", "family_name": "Optimistic Display", "font_type": "CIDFontType2", "italic": false, "monospaced": false, "name": "AAAAAA+OptimisticDisplay-Light", "subset": true, "weight": 300}, "HasClip": false, "Lang": "en", "ObjectID": 381, "Page": 2, "Path": "//Document/P[11]", "Text": "[Using diagrams you can also describe how navigation and presentation of these screens will work on a high-level.] ", "TextSize": 12.0, "attributes": {"LineHeight": 17.75, "SpaceAfter": 17.625}}, {"Bounds": [71.94000244140625, 632.9700012207031, 506.0279998779297, 666.0059967041016], "Font": {"alt_family_name": "Optimistic Display", "embedded": true, "encoding": "Identity-H", "family_name": "Optimistic Display", "font_type": "CIDFontType2", "italic": false, "monospaced": false, "name": "AAAAAA+OptimisticDisplay-Light", "subset": true, "weight": 300}, "HasClip": false, "Lang": "en", "ObjectID": 382, "Page": 2, "Path": "//Document/P[12]", "Text": "[These are just high-level representations though. Don\u2019t spend too much time building mocks.] ", "TextSize": 12.0, "attributes": {"LineHeight": 17.875, "SpaceAfter": 18}}, {"Bounds": [72.0, 582.0041961669922, 151.53680419921875, 599.7982025146484], "Font": {"alt_family_name": "Optimistic Display", "embedded": true, "encoding": "Identity-H", "family_name": "Optimistic Display", "font_type": "CIDFontType2", "italic": false, "monospaced": false, "name": "AAAAAA+OptimisticDisplay-Light", "subset": true, "weight": 300}, "HasClip": false, "Lang": "en", "ObjectID": 383, "Page": 2, "Path": "//Document/H2[3]", "Text": "Data Model ", "TextSize": 14.0, "attributes": {"LineHeight": 16.75, "SpaceAfter": 4.75}}, {"Bounds": [71.95199584960938, 542.1244964599609, 524.2740020751953, 575.1605072021484], "Font": {"alt_family_name": "Optimistic Display", "embedded": true, "encoding": "Identity-H", "family_name": "Optimistic Display", "font_type": "CIDFontType2", "italic": false, "monospaced": false, "name": "AAAAAA+OptimisticDisplay-Light", "subset": true, "weight": 300}, "HasClip": false, "Lang": "en", "ObjectID": 384, "Page": 2, "Path": "//Document/P[13]", "Text": "[Describe the data you\u2019re going to need to back your application. This can include database models (like tables), or external data you\u2019ll require from some API.] ", "TextSize": 12.0, "attributes": {"LineHeight": 17.875, "SpaceAfter": 18}}, {"Bounds": [72.0, 487.9154968261719, 188.74740600585938, 505.7095031738281], "Font": {"alt_family_name": "Optimistic Display", "embedded": true, "encoding": "Identity-H", "family_name": "Optimistic Display", "font_type": "CIDFontType2", "italic": false, "monospaced": false, "name": "AAAAAA+OptimisticDisplay-Light", "subset": true, "weight": 300}, "HasClip": false, "Lang": "en", "ObjectID": 385, "Page": 2, "Path": "//Document/H2[4]", "Text": "Server Endpoints ", "TextSize": 14.0, "attributes": {"LineHeight": 16.75, "SpaceAfter": 5}}, {"Bounds": [71.92799377441406, 412.4676055908203, 538.2960052490234, 481.07159423828125], "Font": {"alt_family_name": "Optimistic Display", "embedded": true, "encoding": "Identity-H", "family_name": "Optimistic Display", "font_type": "CIDFontType2", "italic": false, "monospaced": false, "name": "AAAAAA+OptimisticDisplay-Light", "subset": true, "weight": 300}, "HasClip": false, "Lang": "en", "ObjectID": 386, "Page": 2, "Path": "//Document/P[14]", "Text": "[Describe the endpoints that your application is going to consume from your server. If you\u2019re using REST, then you\u2019ll probably want to include the method (GET/POST/etc) and the expected parameters (query parameters, body parameters, etc.)] ", "TextSize": 12.0, "attributes": {"LineHeight": 17.75, "SpaceAfter": 18}}, {"Bounds": [72.0, 376.04539489746094, 146.13839721679688, 393.8394012451172], "Font": {"alt_family_name": "Optimistic Display", "embedded": true, "encoding": "Identity-H", "family_name": "Optimistic Display", "font_type": "CIDFontType2", "italic": false, "monospaced": false, "name": "AAAAAA+OptimisticDisplay-Light", "subset": true, "weight": 300}, "HasClip": false, "Lang": "en", "ObjectID": 387, "Page": 2, "Path": "//Document/H2[5]", "Text": "Navigation ", "TextSize": 14.0, "attributes": {"LineHeight": 16.75, "SpaceAfter": 18}}, {"Bounds": [72.0, 314.3520965576172, 240.0063934326172, 334.68809509277344], "Font": {"alt_family_name": "Optimistic Display", "embedded": true, "encoding": "Identity-H", "family_name": "Optimistic Display", "font_type": "CIDFontType2", "italic": false, "monospaced": false, "name": "AAAAAA+OptimisticDisplay-Light", "subset": true, "weight": 300}, "HasClip": false, "Lang": "en", "ObjectID": 388, "Page": 2, "Path": "//Document/H1[4]", "Text": "Project Requirements ", "TextSize": 16.0, "attributes": {"LineHeight": 19.25, "SpaceAfter": 7.75}}, {"Bounds": [149.8610076904297, 289.94140625, 229.1859893798828, 305.83544921875], "Font": {"alt_family_name": "Optimistic Display", "embedded": true, "encoding": "Identity-H", "family_name": "Optimistic Display", "font_type": "CIDFontType2", "italic": false, "monospaced": false, "name": "AAAAAA+OptimisticDisplay-Light", "subset": true, "weight": 300}, "HasClip": false, "ObjectID": 377, "Page": 2, "Path": "//Document/P[15]/StyleSpan[2]/Reference", "Text": "Project Guide", "TextSize": 12.0}, {"Bounds": [71.95199584960938, 272.1573944091797, 533.64599609375, 305.83544921875], "Font": {"alt_family_name": "Optimistic Display", "embedded": true, "encoding": "Identity-H", "family_name": "Optimistic Display", "font_type": "CIDFontType2", "italic": false, "monospaced": false, "name": "AAAAAA+OptimisticDisplay-Light", "subset": true, "weight": 300}, "HasClip": false, "Lang": "en", "ObjectID": 379, "Page": 2, "Path": "//Document/P[15]", "Text": "[Based on the , describe how your project is going to be fulfilling each of the base project requirements.] ", "TextSize": 12.0, "attributes": {"LineHeight": 17.75, "SpaceAfter": 18}}, {"Bounds": [72.0, 214.78160095214844, 230.25439453125, 235.1175994873047], "Font": {"alt_family_name": "Optimistic Display", "embedded": true, "encoding": "Identity-H", "family_name": "Optimistic Display", "font_type": "CIDFontType2", "italic": false, "monospaced": false, "name": "AAAAAA+OptimisticDisplay-Light", "subset": true, "weight": 300}, "HasClip": false, "Lang": "en", "ObjectID": 389, "Page": 2, "Path": "//Document/H1[5]", "Text": "Technical Challenges ", "TextSize": 16.0, "attributes": {"LineHeight": 19.25, "SpaceAfter": 7.875}}, {"Bounds": [71.92799377441406, 154.8031005859375, 541.4340057373047, 205.6230926513672], "Font": {"alt_family_name": "Optimistic Display", "embedded": true, "encoding": "Identity-H", "family_name": "Optimistic Display", "font_type": "CIDFontType2", "italic": false, "monospaced": false, "name": "AAAAAA+OptimisticDisplay-Light", "subset": true, "weight": 300}, "HasClip": false, "Lang": "en", "ObjectID": 390, "Page": 2, "Path": "//Document/P[16]", "Text": "For your project, you should demonstrate that you can apply what you\u2019ve learned so far and expand on that knowledge to write code and implement features that go beyond the scope of the projects you worked on during CodePath. ", "TextSize": 12.0, "attributes": {"LineHeight": 17.75, "SpaceAfter": 17.875}}, {"Bounds": [71.86799621582031, 101.45109558105469, 529.0859985351562, 134.4871063232422], "Font": {"alt_family_name": "Optimistic Display", "embedded": true, "encoding": "Identity-H", "family_name": "Optimistic Display", "font_type": "CIDFontType2", "italic": false, "monospaced": false, "name": "AAAAAA+OptimisticDisplay-Light", "subset": true, "weight": 300}, "HasClip": false, "ObjectID": 670, "Page": 2, "Path": "//Document/P[17]/ParagraphSpan", "Text": "Based on the general idea and direction of your project requirements, your intern manager will create at least two (2) Technical Challenges for you. This section is all ", "TextSize": 12.0}, {"Bounds": [71.97599792480469, 686.3220062255859, 536.7899932861328, 719.3580017089844], "Font": {"alt_family_name": "Optimistic Display", "embedded": true, "encoding": "Identity-H", "family_name": "Optimistic Display", "font_type": "CIDFontType2", "italic": false, "monospaced": false, "name": "AAAAAA+OptimisticDisplay-Light", "subset": true, "weight": 300}, "HasClip": false, "ObjectID": 671, "Page": 3, "Path": "//Document/P[17]/ParagraphSpan[2]", "Text": "about explaining what they are and how you\u2019re planning to tackle them -you\u2019ll work together with your manager to fill it out. ", "TextSize": 12.0}, {"Bounds": [72.0, 632.1130065917969, 403.44720458984375, 649.9069976806641], "Font": {"alt_family_name": "Optimistic Display", "embedded": true, "encoding": "Identity-H", "family_name": "Optimistic Display", "font_type": "CIDFontType2", "italic": false, "monospaced": false, "name": "AAAAAA+OptimisticDisplay-Light", "subset": true, "weight": 300}, "HasClip": false, "Lang": "en", "ObjectID": 392, "Page": 3, "Path": "//Document/H2[6]", "Text": "Technical Challenge #1 -[Name/Small Description] ", "TextSize": 14.0, "attributes": {"LineHeight": 16.75, "SpaceAfter": 18}}, {"Bounds": [72.0, 600.0171051025391, 105.58799743652344, 615.2691040039062], "Font": {"alt_family_name": "Optimistic Display", "embedded": true, "encoding": "Identity-H", "family_name": "Optimistic Display", "font_type": "CIDFontType2", "italic": false, "monospaced": false, "name": "AAAAAA+OptimisticDisplay-Light", "subset": true, "weight": 300}, "HasClip": false, "Lang": "en", "ObjectID": 393, "Page": 3, "Path": "//Document/P[18]", "Text": "What ", "TextSize": 12.0, "attributes": {"LineHeight": 14.375, "SpaceAfter": 4.125}}, {"Bounds": [71.95199584960938, 560.4530944824219, 501.61199951171875, 593.4891052246094], "Font": {"alt_family_name": "Optimistic Display", "embedded": true, "encoding": "Identity-H", "family_name": "Optimistic Display", "font_type": "CIDFontType2", "italic": false, "monospaced": false, "name": "AAAAAA+OptimisticDisplay-Light", "subset": true, "weight": 300}, "HasClip": false, "Lang": "en", "ObjectID": 394, "Page": 3, "Path": "//Document/P[19]", "Text": "What problem are you solving, and what parts go beyond what you learned in CodePath? ", "TextSize": 12.0, "attributes": {"LineHeight": 17.75, "SpaceAfter": 17.375}}, {"Bounds": [71.95199584960938, 528.6770935058594, 101.14799499511719, 543.9290924072266], "Font": {"alt_family_name": "Optimistic Display", "embedded": true, "encoding": "Identity-H", "family_name": "Optimistic Display", "font_type": "CIDFontType2", "italic": false, "monospaced": false, "name": "AAAAAA+OptimisticDisplay-Light", "subset": true, "weight": 300}, "HasClip": false, "Lang": "en", "ObjectID": 395, "Page": 3, "Path": "//Document/P[20]", "Text": "How ", "TextSize": 12.0, "attributes": {"LineHeight": 14.375, "SpaceAfter": 7.375}}, {"Bounds": [71.95199584960938, 506.8970947265625, 332.1600036621094, 522.1490936279297], "Font": {"alt_family_name": "Optimistic Display", "embedded": true, "encoding": "Identity-H", "family_name": "Optimistic Display", "font_type": "CIDFontType2", "italic": false, "monospaced": false, "name": "AAAAAA+OptimisticDisplay-Light", "subset": true, "weight": 300}, "HasClip": false, "Lang": "en", "ObjectID": 396, "Page": 3, "Path": "//Document/P[21]", "Text": "Explain in words how you\u2019ll solve this problem. ", "TextSize": 12.0, "attributes": {"LineHeight": 14.375, "SpaceAfter": 17.875}}, {"Bounds": [71.86799621582031, 435.76109313964844, 522.2220001220703, 486.5811004638672], "Font": {"alt_family_name": "Optimistic Display", "embedded": true, "encoding": "Identity-H", "family_name": "Optimistic Display", "font_type": "CIDFontType2", "italic": false, "monospaced": false, "name": "AAAAAA+OptimisticDisplay-Light", "subset": true, "weight": 300}, "HasClip": false, "Lang": "en", "ObjectID": 397, "Page": 3, "Path": "//Document/P[22]", "Text": "You\u2019re encouraged to expand on this section with pseudo-code, links to external frameworks, architecture / design diagrams, anything that you can use to explain this to others! ", "TextSize": 12.0, "attributes": {"LineHeight": 17.75, "SpaceAfter": 18, "TextAlign": "Justify"}}, {"Bounds": [72.0, 399.3365936279297, 223.97140502929688, 417.13059997558594], "Font": {"alt_family_name": "Optimistic Display", "embedded": true, "encoding": "Identity-H", "family_name": "Optimistic Display", "font_type": "CIDFontType2", "italic": false, "monospaced": false, "name": "AAAAAA+OptimisticDisplay-Light", "subset": true, "weight": 300}, "HasClip": false, "Lang": "en", "ObjectID": 398, "Page": 3, "Path": "//Document/H2[7]", "Text": "Technical Challenge #2 ", "TextSize": 14.0, "attributes": {"LineHeight": 16.75, "SpaceAfter": 18}}, {"Bounds": [72.0, 367.2407989501953, 105.58799743652344, 382.4927978515625], "Font": {"alt_family_name": "Optimistic Display", "embedded": true, "encoding": "Identity-H", "family_name": "Optimistic Display", "font_type": "CIDFontType2", "italic": false, "monospaced": false, "name": "AAAAAA+OptimisticDisplay-Light", "subset": true, "weight": 300}, "HasClip": false, "Lang": "en", "ObjectID": 399, "Page": 3, "Path": "//Document/P[23]", "Text": "What ", "TextSize": 12.0, "attributes": {"LineHeight": 14.375, "SpaceAfter": 17.375}}, {"Bounds": [72.0, 335.4647979736328, 101.19599914550781, 350.716796875], "Font": {"alt_family_name": "Optimistic Display", "embedded": true, "encoding": "Identity-H", "family_name": "Optimistic Display", "font_type": "CIDFontType2", "italic": false, "monospaced": false, "name": "AAAAAA+OptimisticDisplay-Light", "subset": true, "weight": 300}, "HasClip": false, "Lang": "en", "ObjectID": 400, "Page": 3, "Path": "//Document/P[24]", "Text": "How ", "TextSize": 12.0, "attributes": {"LineHeight": 14.375, "SpaceAfter": 18}}, {"Bounds": [72.0, 281.343994140625, 205.4340057373047, 299.9779968261719], "Font": {"alt_family_name": "Arial", "embedded": true, "encoding": "Identity-H", "family_name": "Arial MT", "font_type": "CIDFontType2", "italic": false, "monospaced": false, "name": "BAAAAA+ArialMT", "subset": true, "weight": 400}, "HasClip": false, "Lang": "en", "ObjectID": 401, "Page": 3, "Path": "//Document/H3", "Text": "Database Integration ", "TextSize": 14.0, "attributes": {"LineHeight": 16.75, "SpaceAfter": 3.875}}, {"Bounds": [71.97599792480469, 242.83419799804688, 530.4647979736328, 275.8701934814453], "Font": {"alt_family_name": "Optimistic Display", "embedded": true, "encoding": "Identity-H", "family_name": "Optimistic Display", "font_type": "CIDFontType2", "italic": false, "monospaced": false, "name": "AAAAAA+OptimisticDisplay-Light", "subset": true, "weight": 300}, "HasClip": false, "Lang": "en", "ObjectID": 402, "Page": 3, "Path": "//Document/P[25]", "Text": "[Describe what you are using for database storage. For example, Parse, MongoDB, Sequelize, etc.] ", "TextSize": 12.0, "attributes": {"LineHeight": 17.75, "SpaceAfter": 18}}, {"Bounds": [72.0, 189.48660278320312, 160.28399658203125, 208.12060546875], "Font": {"alt_family_name": "Arial", "embedded": true, "encoding": "Identity-H", "family_name": "Arial MT", "font_type": "CIDFontType2", "italic": false, "monospaced": false, "name": "BAAAAA+ArialMT", "subset": true, "weight": 400}, "HasClip": false, "Lang": "en", "ObjectID": 403, "Page": 3, "Path": "//Document/H3[2]", "Text": "External APIs ", "TextSize": 14.0, "attributes": {"LineHeight": 16.75, "SpaceAfter": 3.875}}, {"Bounds": [71.97599792480469, 150.9770050048828, 502.4880065917969, 184.01300048828125], "Font": {"alt_family_name": "Optimistic Display", "embedded": true, "encoding": "Identity-H", "family_name": "Optimistic Display", "font_type": "CIDFontType2", "italic": false, "monospaced": false, "name": "AAAAAA+OptimisticDisplay-Light", "subset": true, "weight": 300}, "HasClip": false, "Lang": "en", "ObjectID": 404, "Page": 3, "Path": "//Document/P[26]", "Text": "[Describe at least one external API you\u2019re using for your project. For example, Google Maps, Spoonacular, OpenWeather, etc.] ", "TextSize": 12.0, "attributes": {"LineHeight": 17.75}}, {"Bounds": [181.76840209960938, 744.3874664306641, 230.72760009765625, 754.2803955078125], "Font": {"alt_family_name": "Arial", "embedded": true, "encoding": "Identity-H", "family_name": "Arial MT", "font_type": "CIDFontType2", "italic": false, "monospaced": false, "name": "BAAAAA+ArialMT", "subset": true, "weight": 400}, "HasClip": false, "Lang": "en", "ObjectID": 405, "Page": 4, "Path": "//Document/H4", "Text": "Authentication ", "TextSize": 7.4326934814453125, "attributes": {"LineHeight": 8.875}}, {"Bounds": [181.71743774414062, 705.0596618652344, 429.12745666503906, 741.4815216064453], "Font": {"alt_family_name": "Optimistic Display", "embedded": true, "encoding": "Identity-H", "family_name": "Optimistic Display", "font_type": "CIDFontType2", "italic": false, "monospaced": false, "name": "AAAAAA+OptimisticDisplay-Light", "subset": true, "weight": 300}, "HasClip": false, "Lang": "en", "ObjectID": 406, "Page": 4, "Path": "//Document/P[27]", "Text": "[Describe how user authentication is handled for your project, including logging in and signing up. Also describe any kind of cookie / session management you\u2019re doing and how you\u2019re implementing it, and how this affects navigation between different screens by the same user.] ", "TextSize": 6.3708038330078125, "attributes": {"LineHeight": 9.375, "SpaceAfter": 17.25}}, {"Bounds": [181.76840209960938, 678.457275390625, 262.37603759765625, 688.3501892089844], "Font": {"alt_family_name": "Arial", "embedded": true, "encoding": "Identity-H", "family_name": "Arial MT", "font_type": "CIDFontType2", "italic": false, "monospaced": false, "name": "BAAAAA+ArialMT", "subset": true, "weight": 400}, "HasClip": false, "Lang": "en", "ObjectID": 407, "Page": 4, "Path": "//Document/H4[2]", "Text": "Visuals and Interactions ", "TextSize": 7.4326934814453125, "attributes": {"LineHeight": 8.875}}, {"Bounds": [181.7556610107422, 658.0125122070312, 429.6148223876953, 675.5513153076172], "Font": {"alt_family_name": "Optimistic Display", "embedded": true, "encoding": "Identity-H", "family_name": "Optimistic Display", "font_type": "CIDFontType2", "italic": false, "monospaced": false, "name": "AAAAAA+OptimisticDisplay-Light", "subset": true, "weight": 300}, "HasClip": false, "Lang": "en", "ObjectID": 408, "Page": 4, "Path": "//Document/P[28]", "Text": "[Provide details on how your app is fulfilling the following UI craft requirements, and how these are technically accomplished.] ", "TextSize": 6.3708038330078125, "attributes": {"LineHeight": 9.375, "SpaceAfter": 11.25}}, {"Bounds": [191.31185913085938, 639.0084075927734, 196.7525177001953, 647.4879455566406], "Font": {"alt_family_name": "Arial", "embedded": true, "encoding": "Identity-H", "family_name": "Arial MT", "font_type": "CIDFontType2", "italic": false, "monospaced": false, "name": "BAAAAA+ArialMT", "subset": true, "weight": 400}, "HasClip": false, "ObjectID": 646, "Page": 4, "Path": "//Document/L[4]/LI/Lbl", "Text": "\u25cf ", "TextSize": 6.3708038330078125}, {"Bounds": [200.86805725097656, 639.1294555664062, 290.3332061767578, 647.2267456054688], "Font": {"alt_family_name": "Optimistic Display", "embedded": true, "encoding": "Identity-H", "family_name": "Optimistic Display", "font_type": "CIDFontType2", "italic": false, "monospaced": false, "name": "AAAAAA+OptimisticDisplay-Light", "subset": true, "weight": 300}, "HasClip": false, "ObjectID": 647, "Page": 4, "Path": "//Document/L[4]/LI/LBody", "Text": "Interesting Cursor Interaction ", "TextSize": 6.3708038330078125}, {"Bounds": [191.31185913085938, 629.56689453125, 196.7525177001953, 638.0464172363281], "Font": {"alt_family_name": "Arial", "embedded": true, "encoding": "Identity-H", "family_name": "Arial MT", "font_type": "CIDFontType2", "italic": false, "monospaced": false, "name": "BAAAAA+ArialMT", "subset": true, "weight": 400}, "HasClip": false, "ObjectID": 643, "Page": 4, "Path": "//Document/L[4]/LI[2]/Lbl", "Text": "\u25cf ", "TextSize": 6.3708038330078125}, {"Bounds": [200.86805725097656, 629.6879272460938, 326.9461975097656, 637.7852172851562], "Font": {"alt_family_name": "Optimistic Display", "embedded": true, "encoding": "Identity-H", "family_name": "Optimistic Display", "font_type": "CIDFontType2", "italic": false, "monospaced": false, "name": "AAAAAA+OptimisticDisplay-Light", "subset": true, "weight": 300}, "HasClip": false, "ObjectID": 644, "Page": 4, "Path": "//Document/L[4]/LI[2]/LBody", "Text": "UI Component with Custom Visual Styling ", "TextSize": 6.3708038330078125}, {"Bounds": [191.31185913085938, 620.1253662109375, 196.7525177001953, 628.6049041748047], "Font": {"alt_family_name": "Arial", "embedded": true, "encoding": "Identity-H", "family_name": "Arial MT", "font_type": "CIDFontType2", "italic": false, "monospaced": false, "name": "BAAAAA+ArialMT", "subset": true, "weight": 400}, "HasClip": false, "ObjectID": 640, "Page": 4, "Path": "//Document/L[4]/LI[3]/Lbl", "Text": "\u25cf ", "TextSize": 6.3708038330078125}, {"Bounds": [200.86805725097656, 620.2464141845703, 244.03341674804688, 628.3436889648438], "Font": {"alt_family_name": "Optimistic Display", "embedded": true, "encoding": "Identity-H", "family_name": "Optimistic Display", "font_type": "CIDFontType2", "italic": false, "monospaced": false, "name": "AAAAAA+OptimisticDisplay-Light", "subset": true, "weight": 300}, "HasClip": false, "ObjectID": 641, "Page": 4, "Path": "//Document/L[4]/LI[3]/LBody", "Text": "Loading State ", "TextSize": 6.3708038330078125}, {"Bounds": [181.76840209960938, 590.7211761474609, 217.6347198486328, 601.5176849365234], "Font": {"alt_family_name": "Optimistic Display", "embedded": true, "encoding": "Identity-H", "family_name": "Optimistic Display", "font_type": "CIDFontType2", "italic": false, "monospaced": false, "name": "AAAAAA+OptimisticDisplay-Light", "subset": true, "weight": 300}, "HasClip": false, "Lang": "en", "ObjectID": 410, "Page": 4, "Path": "//Document/H1[6]", "Text": "Timeline ", "TextSize": 8.4945068359375, "attributes": {"LineHeight": 10.25, "SpaceAfter": 4.125}}, {"Bounds": [181.68557739257812, 539.9955291748047, 431.23619079589844, 585.8589172363281], "Font": {"alt_family_name": "Optimistic Display", "embedded": true, "encoding": "Identity-H", "family_name": "Optimistic Display", "font_type": "CIDFontType2", "italic": false, "monospaced": false, "name": "AAAAAA+OptimisticDisplay-Light", "subset": true, "weight": 300}, "HasClip": false, "Lang": "en", "ObjectID": 411, "Page": 4, "Path": "//Document/P[29]", "Text": "Project execution will start in Week 4 of MU. Based on the previously defined requirements, user stories and technical challenges, use the following table to scope out and plan a timeline for deliverables over Week 4 -9. You can be as detailed as you need, ranging from simply mentioning the user stories, or dividing them into sub-tasks. ", "TextSize": 6.3708038330078125, "attributes": {"LineHeight": 9.5, "SpaceAfter": 9.375}}, {"Bounds": [181.6218719482422, 483.34637451171875, 430.2073059082031, 529.2097625732422], "Font": {"alt_family_name": "Optimistic Display", "embedded": true, "encoding": "Identity-H", "family_name": "Optimistic Display", "font_type": "CIDFontType2", "italic": false, "monospaced": false, "name": "AAAAAA+OptimisticDisplay-Light", "subset": true, "weight": 300}, "HasClip": false, "Lang": "en", "ObjectID": 412, "Page": 4, "Path": "//Document/P[30]", "Text": "You are free to modify the table, add / remove rows or columns, whatever fits your style! The important thing here is that you focus and prioritize certain aspects of your project so you don\u2019t get behind and are ready to deliver the MVP -remember your required features should be code complete before the end of Week 8, including both technical challenges! ", "TextSize": 6.3708038330078125, "attributes": {"LineHeight": 9.5, "SpaceAfter": 9.375}}, {"Bounds": [181.60275268554688, 455.0218048095703, 423.4192199707031, 472.56060791015625], "Font": {"alt_family_name": "Optimistic Display", "embedded": true, "encoding": "Identity-H", "family_name": "Optimistic Display", "font_type": "CIDFontType2", "italic": false, "monospaced": false, "name": "AAAAAA+OptimisticDisplay-Light", "subset": true, "weight": 300}, "HasClip": false, "Lang": "en", "ObjectID": 413, "Page": 4, "Path": "//Document/P[31]", "Text": "We also encourage you to leverage project tracking tools such as GitHub Issues or Meta\u2019s internal Tasks / GSD tooling to keep manage individual units of work. ", "TextSize": 6.3708038330078125, "attributes": {"LineHeight": 9.5, "SpaceAfter": 14.125}}, {"Bounds": [31.655197143554688, 418.79212951660156, 531.5964813232422, 750.2484283447266], "ObjectID": 414, "Page": 4, "Path": "//Document/Table", "attributes": {"NumCol": 4, "NumRow": 9, "Placement": "Block", "SpaceAfter": 16.375}, "filePaths": ["tables/fileoutpart1.xlsx", "tables/fileoutpart2.png", "tables/fileoutpart3.png"]}, {"Bounds": [31.655197143554688, 432.9735412597656, 61.894195556640625, 441.07081604003906], "ObjectID": 613, "Page": 4, "Path": "//Document/Table/TR/TH", "attributes": {"BBox": [28.918799999999464, 429.8549999999959, 65.15729999999894, 444.8539999999921], "BackgroundColor": [0.9372559999999908, 0.9372559999999908, 0.9372559999999908], "BlockAlign": "Middle", "ColIndex": 0, "Height": 15, "InlineAlign": "Start", "RowIndex": 0, "Width": 36.25}}, {"Bounds": [31.655197143554688, 432.9735412597656, 61.894195556640625, 441.07081604003906], "Font": {"alt_family_name": "Optimistic Display", "embedded": true, "encoding": "Identity-H", "family_name": "Optimistic Display", "font_type": "CIDFontType2", "italic": false, "monospaced": false, "name": "AAAAAA+OptimisticDisplay-Light", "subset": true, "weight": 300}, "HasClip": true, "Lang": "en", "ObjectID": 626, "Page": 4, "Path": "//Document/Table/TR/TH/P", "Text": "MU Week ", "TextSize": 6.3708038330078125, "attributes": {"LineHeight": 7.625}}, {"Bounds": [67.889404296875, 432.9735412597656, 109.19448852539062, 441.07081604003906], "ObjectID": 614, "Page": 4, "Path": "//Document/Table/TR/TH[2]", "attributes": {"BBox": [65.15729999999894, 429.8549999999959, 113.15499999999884, 444.8539999999921], "BackgroundColor": [0.9372559999999908, 0.9372559999999908, 0.9372559999999908], "BlockAlign": "Middle", "ColIndex": 1, "Height": 15, "InlineAlign": "Start", "RowIndex": 0, "Width": 48}}, {"Bounds": [67.889404296875, 432.9735412597656, 109.19448852539062, 441.07081604003906], "Font": {"alt_family_name": "Optimistic Display", "embedded": true, "encoding": "Identity-H", "family_name": "Optimistic Display", "font_type": "CIDFontType2", "italic": false, "monospaced": false, "name": "AAAAAA+OptimisticDisplay-Light", "subset": true, "weight": 300}, "HasClip": true, "Lang": "en", "ObjectID": 623, "Page": 4, "Path": "//Document/Table/TR/TH[2]/P", "Text": "Project Week ", "TextSize": 6.3708038330078125, "attributes": {"LineHeight": 7.625}}, {"Bounds": [116.06900024414062, 432.9735412597656, 135.53179931640625, 441.07081604003906], "ObjectID": 615, "Page": 4, "Path": "//Document/Table/TR/TH[3]", "attributes": {"BBox": [113.15499999999884, 429.8549999999959, 304.0679999999993, 444.8539999999921], "BackgroundColor": [0.9372559999999908, 0.9372559999999908, 0.9372559999999908], "BlockAlign": "Middle", "ColIndex": 2, "Height": 15, "InlineAlign": "Start", "RowIndex": 0, "Width": 190.875}}, {"Bounds": [116.06900024414062, 432.9735412597656, 135.53179931640625, 441.07081604003906], "Font": {"alt_family_name": "Optimistic Display", "embedded": true, "encoding": "Identity-H", "family_name": "Optimistic Display", "font_type": "CIDFontType2", "italic": false, "monospaced": false, "name": "AAAAAA+OptimisticDisplay-Light", "subset": true, "weight": 300}, "HasClip": true, "Lang": "en", "ObjectID": 620, "Page": 4, "Path": "//Document/Table/TR/TH[3]/P", "Text": "Focus ", "TextSize": 6.3708038330078125, "attributes": {"LineHeight": 7.625}}, {"Bounds": [307.1945037841797, 432.9735412597656, 345.20587158203125, 441.07081604003906], "ObjectID": 616, "Page": 4, "Path": "//Document/Table/TR/TH[4]", "attributes": {"BBox": [304.0679999999993, 429.73499999998603, 583.295999999973, 445.0939999999973], "BackgroundColor": [0.9372559999999908, 0.9372559999999908, 0.9372559999999908], "BlockAlign": "Middle", "BorderColor": [[0, 0, 0], [0, 0, 0], null, null], "BorderStyle": ["Double", "Double", "None", "None"], "BorderThickness": [0.25, 0.125, 0, 0], "ColIndex": 3, "Height": 15.375, "InlineAlign": "Start", "RowIndex": 0, "Width": 279.25}}, {"Bounds": [307.1945037841797, 432.9735412597656, 345.20587158203125, 441.07081604003906], "Font": {"alt_family_name": "Optimistic Display", "embedded": true, "encoding": "Identity-H", "family_name": "Optimistic Display", "font_type": "CIDFontType2", "italic": false, "monospaced": false, "name": "AAAAAA+OptimisticDisplay-Light", "subset": true, "weight": 300}, "HasClip": true, "Lang": "en", "ObjectID": 617, "Page": 4, "Path": "//Document/Table/TR/TH[4]/P", "Text": "User Stories ", "TextSize": 6.3708038330078125, "attributes": {"LineHeight": 7.625}}, {"Bounds": [44.89540100097656, 418.79212951660156, 50.66734313964844, 426.88941955566406], "ObjectID": 597, "Page": 4, "Path": "//Document/Table/TR[2]/TD", "attributes": {"BBox": [29.158799999999246, 415.8149999999878, 65.15729999999894, 429.8549999999959], "BlockAlign": "Middle", "ColIndex": 0, "Height": 14, "InlineAlign": "Center", "RowIndex": 1, "Width": 36}}, {"Bounds": [44.89540100097656, 418.79212951660156, 50.66734313964844, 426.88941955566406], "Font": {"alt_family_name": "Optimistic Display", "embedded": true, "encoding": "Identity-H", "family_name": "Optimistic Display", "font_type": "CIDFontType2", "italic": false, "monospaced": false, "name": "AAAAAA+OptimisticDisplay-Light", "subset": true, "weight": 300}, "HasClip": true, "Lang": "en", "ObjectID": 610, "Page": 4, "Path": "//Document/Table/TR[2]/TD/P", "Text": "4 ", "TextSize": 6.3708038330078125, "attributes": {"LineHeight": 7.625}}, {"Bounds": [87.72990417480469, 418.79212951660156, 92.24679565429688, 426.88941955566406], "ObjectID": 598, "Page": 4, "Path": "//Document/Table/TR[2]/TD[2]", "attributes": {"BBox": [65.15729999999894, 415.8149999999878, 113.15499999999884, 429.8549999999959], "BlockAlign": "Middle", "ColIndex": 1, "Height": 14, "InlineAlign": "Center", "RowIndex": 1, "Width": 48}}, {"Bounds": [87.72990417480469, 418.79212951660156, 92.24679565429688, 426.88941955566406], "Font": {"alt_family_name": "Optimistic Display", "embedded": true, "encoding": "Identity-H", "family_name": "Optimistic Display", "font_type": "CIDFontType2", "italic": false, "monospaced": false, "name": "AAAAAA+OptimisticDisplay-Light", "subset": true, "weight": 300}, "HasClip": true, "Lang": "en", "ObjectID": 607, "Page": 4, "Path": "//Document/Table/TR[2]/TD[2]/P", "Text": "1 ", "TextSize": 6.3708038330078125, "attributes": {"LineHeight": 7.625}}, {"Bounds": [116.06900024414062, 418.79212951660156, 291.26600646972656, 426.88941955566406], "ObjectID": 599, "Page": 4, "Path": "//Document/Table/TR[2]/TD[3]", "attributes": {"BBox": [113.15499999999884, 415.8149999999878, 304.0679999999993, 429.8549999999959], "BackgroundColor": [1, 1, 1], "BlockAlign": "Middle", "ColIndex": 2, "Height": 14, "InlineAlign": "Start", "RowIndex": 1, "Width": 190.875}}, {"Bounds": [116.06900024414062, 418.79212951660156, 291.26600646972656, 426.88941955566406], "Font": {"alt_family_name": "Optimistic Display", "embedded": true, "encoding": "Identity-H", "family_name": "Optimistic Display", "font_type": "CIDFontType2", "italic": false, "monospaced": false, "name": "AAAAAA+OptimisticDisplay-Light", "subset": true, "weight": 300}, "HasClip": true, "Lang": "en", "ObjectID": 604, "Page": 4, "Path": "//Document/Table/TR[2]/TD[3]/P", "Text": "Focus on the components that will serve as the skeleton of ", "TextSize": 6.3708038330078125, "attributes": {"LineHeight": 7.625}}, {"Bounds": [307.1945037841797, 418.79212951660156, 336.43902587890625, 426.88941955566406], "ObjectID": 600, "Page": 4, "Path": "//Document/Table/TR[2]/TD[4]", "attributes": {"BBox": [304.0679999999993, 415.5749999999971, 583.295999999973, 429.97499999999127], "BlockAlign": "Middle", "BorderColor": [[0, 0, 0], [0, 0, 0], null, null], "BorderStyle": ["Double", "Double", "None", "None"], "BorderThickness": [0.125, 0.25, 0, 0], "ColIndex": 3, "Height": 14.375, "InlineAlign": "Start", "RowIndex": 1, "Width": 279.25}}, {"Bounds": [307.1945037841797, 418.79212951660156, 336.43902587890625, 426.88941955566406], "Font": {"alt_family_name": "Optimistic Display", "embedded": true, "encoding": "Identity-H", "family_name": "Optimistic Display", "font_type": "CIDFontType2", "italic": false, "monospaced": false, "name": "AAAAAA+OptimisticDisplay-Light", "subset": true, "weight": 300}, "HasClip": true, "Lang": "en", "ObjectID": 601, "Page": 4, "Path": "//Document/Table/TR[2]/TD[4]/P", "Text": "Example: ", "TextSize": 6.3708038330078125, "attributes": {"LineHeight": 7.625}}, {"ObjectID": 571, "Path": "//Document/Table/TR[3]/TD", "attributes": {"BBox": [29.038799999999355, 714.8429999999935, 65.15729999999894, 753.8419999999751], "BlockAlign": "Before", "ColIndex": 0, "Height": 39, "InlineAlign": "Center", "RowIndex": 2, "Width": 36.125}}, {"ObjectID": 572, "Path": "//Document/Table/TR[3]/TD[2]", "attributes": {"BBox": [65.15729999999894, 714.8429999999935, 113.15499999999884, 753.8419999999751], "BlockAlign": "Before", "ColIndex": 1, "Height": 39, "InlineAlign": "Center", "RowIndex": 2, "Width": 48}}, {"Bounds": [116.02439880371094, 717.5216217041016, 297.8916320800781, 750.2484283447266], "ObjectID": 573, "Page": 5, "Path": "//Document/Table/TR[3]/TD[3]", "attributes": {"BBox": [113.15499999999884, 714.8429999999935, 304.0679999999993, 753.8419999999751], "BackgroundColor": [1, 1, 1], "BlockAlign": "Before", "ColIndex": 2, "Height": 39, "InlineAlign": "Start", "RowIndex": 2, "Width": 190.875}}, {"Bounds": [116.02439880371094, 717.5216217041016, 297.8916320800781, 750.2484283447266], "Font": {"alt_family_name": "Optimistic Display", "embedded": true, "encoding": "Identity-H", "family_name": "Optimistic Display", "font_type": "CIDFontType2", "italic": false, "monospaced": false, "name": "AAAAAA+OptimisticDisplay-Light", "subset": true, "weight": 300}, "HasClip": true, "Lang": "en", "ObjectID": 586, "Page": 5, "Path": "//Document/Table/TR[3]/TD[3]/P", "Text": "your project. You will probably be using most of what you learned in CodePath to set up things like the client and server repositories, initial routing, login / registration, creating a database with object models, etc. ", "TextSize": 6.3708038330078125, "attributes": {"LineHeight": 8.25}}, {"Bounds": [316.75079345703125, 723.2708282470703, 531.5964813232422, 750.2484283447266], "ObjectID": 574, "Page": 5, "Path": "//Document/Table/TR[3]/TD[4]", "attributes": {"BBox": [304.0679999999993, 714.7229999999981, 583.1759999999776, 754.0819999999949], "BlockAlign": "Before", "BorderColor": [[0, 0, 0], [0, 0, 0], null, null], "BorderStyle": ["Double", "Double", "None", "None"], "BorderThickness": [0.25, 0.125, 0, 0], "ColIndex": 3, "Height": 39.375, "InlineAlign": "Start", "RowIndex": 2, "Width": 279.125}}, {"Bounds": [316.75079345703125, 742.1511383056641, 369.21434020996094, 750.2484283447266], "Font": {"alt_family_name": "Optimistic Display", "embedded": true, "encoding": "Identity-H", "family_name": "Optimistic Display", "font_type": "CIDFontType2", "italic": false, "monospaced": false, "name": "AAAAAA+OptimisticDisplay-Light", "subset": true, "weight": 300}, "HasClip": true, "ObjectID": 577, "Page": 5, "Path": "//Document/Table/TR[3]/TD[4]/P/Sub", "Text": "- User can login ", "TextSize": 6.3708038330078125, "attributes": {"Placement": "Block"}}, {"Bounds": [316.75079345703125, 732.7110290527344, 408.334228515625, 740.8083190917969], "Font": {"alt_family_name": "Optimistic Display", "embedded": true, "encoding": "Identity-H", "family_name": "Optimistic Display", "font_type": "CIDFontType2", "italic": false, "monospaced": false, "name": "AAAAAA+OptimisticDisplay-Light", "subset": true, "weight": 300}, "HasClip": true, "ObjectID": 578, "Page": 5, "Path": "//Document/Table/TR[3]/TD[4]/P/Sub[2]", "Text": "- User can create an account ", "TextSize": 6.3708038330078125, "attributes": {"Placement": "Block"}}, {"Bounds": [316.75079345703125, 723.2708282470703, 531.5964813232422, 731.3681182861328], "Font": {"alt_family_name": "Optimistic Display", "embedded": true, "encoding": "Identity-H", "family_name": "Optimistic Display", "font_type": "CIDFontType2", "italic": false, "monospaced": false, "name": "AAAAAA+OptimisticDisplay-Light", "subset": true, "weight": 300}, "HasClip": true, "ObjectID": 579, "Page": 5, "Path": "//Document/Table/TR[3]/TD[4]/P/Sub[3]", "Text": "- [Optional] User passwords are encrypted in the database for security ", "TextSize": 6.3708038330078125, "attributes": {"Placement": "Block"}}, {"Bounds": [44.944793701171875, 703.3430328369141, 50.621185302734375, 711.4403228759766], "ObjectID": 541, "Page": 5, "Path": "//Document/Table/TR[4]/TD", "attributes": {"BBox": [29.158799999999246, 683.8839999999909, 65.15729999999894, 714.8429999999935], "BlockAlign": "Before", "ColIndex": 0, "Height": 31, "InlineAlign": "Center", "RowIndex": 3, "Width": 36}}, {"Bounds": [44.944793701171875, 703.3430328369141, 50.621185302734375, 711.4403228759766], "Font": {"alt_family_name": "Optimistic Display", "embedded": true, "encoding": "Identity-H", "family_name": "Optimistic Display", "font_type": "CIDFontType2", "italic": false, "monospaced": false, "name": "AAAAAA+OptimisticDisplay-Light", "subset": true, "weight": 300}, "HasClip": true, "Lang": "en", "ObjectID": 566, "Page": 5, "Path": "//Document/Table/TR[4]/TD/P", "Text": "5 ", "TextSize": 6.3708038330078125, "attributes": {"LineHeight": 7.625}}, {"Bounds": [87.24090576171875, 703.3430328369141, 92.73890686035156, 711.4403228759766], "ObjectID": 542, "Page": 5, "Path": "//Document/Table/TR[4]/TD[2]", "attributes": {"BBox": [65.15729999999894, 683.8839999999909, 113.15499999999884, 714.8429999999935], "BlockAlign": "Before", "ColIndex": 1, "Height": 31, "InlineAlign": "Center", "RowIndex": 3, "Width": 48}}, {"Bounds": [87.24090576171875, 703.3430328369141, 92.73890686035156, 711.4403228759766], "Font": {"alt_family_name": "Optimistic Display", "embedded": true, "encoding": "Identity-H", "family_name": "Optimistic Display", "font_type": "CIDFontType2", "italic": false, "monospaced": false, "name": "AAAAAA+OptimisticDisplay-Light", "subset": true, "weight": 300}, "HasClip": true, "Lang": "en", "ObjectID": 561, "Page": 5, "Path": "//Document/Table/TR[4]/TD[2]/P", "Text": "2 ", "TextSize": 6.3708038330078125, "attributes": {"LineHeight": 7.625}}, {"Bounds": [116.05625915527344, 695.137451171875, 282.28953552246094, 711.4403228759766], "ObjectID": 543, "Page": 5, "Path": "//Document/Table/TR[4]/TD[3]", "attributes": {"BBox": [113.15499999999884, 683.8839999999909, 304.0679999999993, 714.8429999999935], "BackgroundColor": [1, 1, 1], "BlockAlign": "Before", "ColIndex": 2, "Height": 31, "InlineAlign": "Start", "RowIndex": 3, "Width": 190.875}}, {"Bounds": [116.05625915527344, 695.137451171875, 282.28953552246094, 711.4403228759766], "Font": {"alt_family_name": "Optimistic Display", "embedded": true, "encoding": "Identity-H", "family_name": "Optimistic Display", "font_type": "CIDFontType2", "italic": false, "monospaced": false, "name": "AAAAAA+OptimisticDisplay-Light", "subset": true, "weight": 300}, "HasClip": true, "Lang": "en", "ObjectID": 556, "Page": 5, "Path": "//Document/Table/TR[4]/TD[3]/P", "Text": "Week 5 and 6 should be where you focus on the specific requirements of your project. ", "TextSize": 6.3708038330078125, "attributes": {"LineHeight": 8.125}}, {"Bounds": [307.1945037841797, 686.9256286621094, 526.7699584960938, 711.4403228759766], "ObjectID": 544, "Page": 5, "Path": "//Document/Table/TR[4]/TD[4]", "attributes": {"BBox": [304.0679999999993, 683.7639999999956, 583.1759999999776, 714.9629999999888], "BlockAlign": "Middle", "BorderColor": [[0, 0, 0], [0, 0, 0], null, null], "BorderStyle": ["Double", "Double", "None", "None"], "BorderThickness": [0.125, 0.125, 0, 0], "ColIndex": 3, "Height": 31.25, "InlineAlign": "Start", "RowIndex": 3, "Width": 279.125}}, {"Bounds": [307.1945037841797, 703.3430328369141, 336.43902587890625, 711.4403228759766], "Font": {"alt_family_name": "Optimistic Display", "embedded": true, "encoding": "Identity-H", "family_name": "Optimistic Display", "font_type": "CIDFontType2", "italic": false, "monospaced": false, "name": "AAAAAA+OptimisticDisplay-Light", "subset": true, "weight": 300}, "HasClip": true, "ObjectID": 547, "Page": 5, "Path": "//Document/Table/TR[4]/TD[4]/P/Sub", "Text": "Example: ", "TextSize": 6.3708038330078125, "attributes": {"Placement": "Block"}}, {"Bounds": [316.75079345703125, 695.1343383789062, 433.46067810058594, 703.2316284179688], "Font": {"alt_family_name": "Optimistic Display", "embedded": true, "encoding": "Identity-H", "family_name": "Optimistic Display", "font_type": "CIDFontType2", "italic": false, "monospaced": false, "name": "AAAAAA+OptimisticDisplay-Light", "subset": true, "weight": 300}, "HasClip": true, "ObjectID": 548, "Page": 5, "Path": "//Document/Table/TR[4]/TD[4]/P/Sub[2]", "Text": "- User can create / edit / delete posts ", "TextSize": 6.3708038330078125, "attributes": {"Placement": "Block"}}, {"Bounds": [316.75079345703125, 686.9256286621094, 526.7699584960938, 695.0229187011719], "Font": {"alt_family_name": "Optimistic Display", "embedded": true, "encoding": "Identity-H", "family_name": "Optimistic Display", "font_type": "CIDFontType2", "italic": false, "monospaced": false, "name": "AAAAAA+OptimisticDisplay-Light", "subset": true, "weight": 300}, "HasClip": true, "ObjectID": 549, "Page": 5, "Path": "//Document/Table/TR[4]/TD[4]/P/Sub[3]", "Text": "- User can chat with other users in real-time (e.g. technical challenge) ", "TextSize": 6.3708038330078125, "attributes": {"Placement": "Block"}}, {"Bounds": [44.97349548339844, 672.7439422607422, 50.59254455566406, 680.8412170410156], "ObjectID": 519, "Page": 5, "Path": "//Document/Table/TR[5]/TD", "attributes": {"BBox": [29.158799999999246, 661.9249999999884, 65.15729999999894, 683.8839999999909], "BlockAlign": "Before", "ColIndex": 0, "Height": 22, "InlineAlign": "Center", "RowIndex": 4, "Width": 36}}, {"Bounds": [44.97349548339844, 672.7439422607422, 50.59254455566406, 680.8412170410156], "Font": {"alt_family_name": "Optimistic Display", "embedded": true, "encoding": "Identity-H", "family_name": "Optimistic Display", "font_type": "CIDFontType2", "italic": false, "monospaced": false, "name": "AAAAAA+OptimisticDisplay-Light", "subset": true, "weight": 300}, "HasClip": true, "Lang": "en", "ObjectID": 536, "Page": 5, "Path": "//Document/Table/TR[5]/TD/P", "Text": "6 ", "TextSize": 6.3708038330078125, "attributes": {"LineHeight": 7.625}}, {"Bounds": [87.28230285644531, 672.7439422607422, 92.69747924804688, 680.8412170410156], "ObjectID": 520, "Page": 5, "Path": "//Document/Table/TR[5]/TD[2]", "attributes": {"BBox": [65.15729999999894, 661.9249999999884, 113.15499999999884, 683.8839999999909], "BlockAlign": "Before", "ColIndex": 1, "Height": 22, "InlineAlign": "Center", "RowIndex": 4, "Width": 48}}, {"Bounds": [87.28230285644531, 672.7439422607422, 92.69747924804688, 680.8412170410156], "Font": {"alt_family_name": "Optimistic Display", "embedded": true, "encoding": "Identity-H", "family_name": "Optimistic Display", "font_type": "CIDFontType2", "italic": false, "monospaced": false, "name": "AAAAAA+OptimisticDisplay-Light", "subset": true, "weight": 300}, "HasClip": true, "Lang": "en", "ObjectID": 531, "Page": 5, "Path": "//Document/Table/TR[5]/TD[2]/P", "Text": "3 ", "TextSize": 6.3708038330078125, "attributes": {"LineHeight": 7.625}}, {"Bounds": [116.0626220703125, 664.5319671630859, 302.38877868652344, 680.8412170410156], "ObjectID": 521, "Page": 5, "Path": "//Document/Table/TR[5]/TD[3]", "attributes": {"BBox": [113.15499999999884, 661.9249999999884, 304.0679999999993, 683.8839999999909], "BackgroundColor": [1, 1, 1], "BlockAlign": "Middle", "ColIndex": 2, "Height": 22, "InlineAlign": "Start", "RowIndex": 4, "Width": 190.875}}, {"Bounds": [116.0626220703125, 664.5319671630859, 302.38877868652344, 680.8412170410156], "Font": {"alt_family_name": "Optimistic Display", "embedded": true, "encoding": "Identity-H", "family_name": "Optimistic Display", "font_type": "CIDFontType2", "italic": false, "monospaced": false, "name": "AAAAAA+OptimisticDisplay-Light", "subset": true, "weight": 300}, "HasClip": true, "Lang": "en", "ObjectID": 526, "Page": 5, "Path": "//Document/Table/TR[5]/TD[3]/P", "Text": "By this point, you should be getting started with your technical challenges as well. ", "TextSize": 6.3708038330078125, "attributes": {"LineHeight": 8.125}}, {"ObjectID": 522, "Path": "//Document/Table/TR[5]/TD[4]", "attributes": {"BBox": [304.0679999999993, 661.804999999993, 583.1759999999776, 684.0039999999863], "BlockAlign": "Before", "BorderColor": [[0, 0, 0], [0, 0, 0], null, null], "BorderStyle": ["Double", "Double", "None", "None"], "BorderThickness": [0.125, 0.125, 0, 0], "ColIndex": 3, "Height": 22.25, "InlineAlign": "Start", "RowIndex": 4, "Width": 279.125}}, {"Bounds": [45.15190124511719, 650.3535308837891, 50.4141845703125, 658.4508209228516], "ObjectID": 497, "Page": 5, "Path": "//Document/Table/TR[6]/TD", "attributes": {"BBox": [29.158799999999246, 630.8469999999797, 65.15729999999894, 661.9249999999884], "BlockAlign": "Before", "ColIndex": 0, "Height": 31.125, "InlineAlign": "Center", "RowIndex": 5, "Width": 36}}, {"Bounds": [45.15190124511719, 650.3535308837891, 50.4141845703125, 658.4508209228516], "Font": {"alt_family_name": "Optimistic Display", "embedded": true, "encoding": "Identity-H", "family_name": "Optimistic Display", "font_type": "CIDFontType2", "italic": false, "monospaced": false, "name": "AAAAAA+OptimisticDisplay-Light", "subset": true, "weight": 300}, "HasClip": true, "Lang": "en", "ObjectID": 514, "Page": 5, "Path": "//Document/Table/TR[6]/TD/P", "Text": "7 ", "TextSize": 6.3708038330078125, "attributes": {"LineHeight": 7.625}}, {"Bounds": [87.102294921875, 650.3535308837891, 92.87425231933594, 658.4508209228516], "ObjectID": 498, "Page": 5, "Path": "//Document/Table/TR[6]/TD[2]", "attributes": {"BBox": [65.15729999999894, 630.8469999999797, 113.15499999999884, 661.9249999999884], "BlockAlign": "Before", "ColIndex": 1, "Height": 31.125, "InlineAlign": "Center", "RowIndex": 5, "Width": 48}}, {"Bounds": [87.102294921875, 650.3535308837891, 92.87425231933594, 658.4508209228516], "Font": {"alt_family_name": "Optimistic Display", "embedded": true, "encoding": "Identity-H", "family_name": "Optimistic Display", "font_type": "CIDFontType2", "italic": false, "monospaced": false, "name": "AAAAAA+OptimisticDisplay-Light", "subset": true, "weight": 300}, "HasClip": true, "Lang": "en", "ObjectID": 509, "Page": 5, "Path": "//Document/Table/TR[6]/TD[2]/P", "Text": "4 ", "TextSize": 6.3708038330078125, "attributes": {"LineHeight": 7.625}}, {"Bounds": [116.04988098144531, 633.9359893798828, 296.55694580078125, 658.4508209228516], "ObjectID": 499, "Page": 5, "Path": "//Document/Table/TR[6]/TD[3]", "attributes": {"BBox": [113.15499999999884, 630.8469999999797, 304.0679999999993, 661.9249999999884], "BackgroundColor": [1, 1, 1], "BlockAlign": "Middle", "ColIndex": 2, "Height": 31.125, "InlineAlign": "Start", "RowIndex": 5, "Width": 190.875}}, {"Bounds": [116.04988098144531, 633.9359893798828, 296.55694580078125, 658.4508209228516], "Font": {"alt_family_name": "Optimistic Display", "embedded": true, "encoding": "Identity-H", "family_name": "Optimistic Display", "font_type": "CIDFontType2", "italic": false, "monospaced": false, "name": "AAAAAA+OptimisticDisplay-Light", "subset": true, "weight": 300}, "HasClip": true, "Lang": "en", "ObjectID": 504, "Page": 5, "Path": "//Document/Table/TR[6]/TD[3]/P", "Text": "You should focus on finishing your MVP and core requirements. By this point, you should be done with at least one of your technical challenges. ", "TextSize": 6.3708038330078125, "attributes": {"LineHeight": 8.25}}, {"ObjectID": 500, "Path": "//Document/Table/TR[6]/TD[4]", "attributes": {"BBox": [304.0679999999993, 630.7269999999844, 583.1759999999776, 662.0449999999837], "BlockAlign": "Before", "BorderColor": [[0, 0, 0], [0, 0, 0], null, null], "BorderStyle": ["Double", "Double", "None", "None"], "BorderThickness": [0.125, 0.125, 0, 0], "ColIndex": 3, "Height": 31.375, "InlineAlign": "Start", "RowIndex": 5, "Width": 279.125}}, {"Bounds": [44.924102783203125, 619.7542419433594, 50.638702392578125, 627.8515167236328], "ObjectID": 473, "Page": 5, "Path": "//Document/Table/TR[7]/TD", "attributes": {"BBox": [29.158799999999246, 551.8899999999849, 65.15729999999894, 630.8469999999797], "BlockAlign": "Before", "ColIndex": 0, "Height": 79, "InlineAlign": "Center", "RowIndex": 6, "Width": 36}}, {"Bounds": [44.924102783203125, 619.7542419433594, 50.638702392578125, 627.8515167236328], "Font": {"alt_family_name": "Optimistic Display", "embedded": true, "encoding": "Identity-H", "family_name": "Optimistic Display", "font_type": "CIDFontType2", "italic": false, "monospaced": false, "name": "AAAAAA+OptimisticDisplay-Light", "subset": true, "weight": 300}, "HasClip": true, "Lang": "en", "ObjectID": 492, "Page": 5, "Path": "//Document/Table/TR[7]/TD/P", "Text": "8 ", "TextSize": 6.3708038330078125, "attributes": {"LineHeight": 7.625}}, {"Bounds": [87.15170288085938, 619.7542419433594, 92.82807922363281, 627.8515167236328], "ObjectID": 474, "Page": 5, "Path": "//Document/Table/TR[7]/TD[2]", "attributes": {"BBox": [65.15729999999894, 551.8899999999849, 113.15499999999884, 630.8469999999797], "BlockAlign": "Before", "ColIndex": 1, "Height": 79, "InlineAlign": "Center", "RowIndex": 6, "Width": 48}}, {"Bounds": [87.15170288085938, 619.7542419433594, 92.82807922363281, 627.8515167236328], "Font": {"alt_family_name": "Optimistic Display", "embedded": true, "encoding": "Identity-H", "family_name": "Optimistic Display", "font_type": "CIDFontType2", "italic": false, "monospaced": false, "name": "AAAAAA+OptimisticDisplay-Light", "subset": true, "weight": 300}, "HasClip": true, "Lang": "en", "ObjectID": 487, "Page": 5, "Path": "//Document/Table/TR[7]/TD[2]/P", "Text": "5 ", "TextSize": 6.3708038330078125, "attributes": {"LineHeight": 7.625}}, {"Bounds": [116.01165771484375, 554.0836791992188, 300.7330017089844, 627.8515167236328], "ObjectID": 475, "Page": 5, "Path": "//Document/Table/TR[7]/TD[3]", "attributes": {"BBox": [113.15499999999884, 551.8899999999849, 304.0679999999993, 630.8469999999797], "BackgroundColor": [1, 1, 1], "BlockAlign": "Before", "ColIndex": 2, "Height": 79, "InlineAlign": "Start", "RowIndex": 6, "Width": 190.875}}, {"Bounds": [116.01165771484375, 586.9255065917969, 300.7330017089844, 627.8515167236328], "Font": {"alt_family_name": "Optimistic Display", "embedded": true, "encoding": "Identity-H", "family_name": "Optimistic Display", "font_type": "CIDFontType2", "italic": false, "monospaced": false, "name": "AAAAAA+OptimisticDisplay-Light", "subset": true, "weight": 300}, "HasClip": true, "Lang": "en", "ObjectID": 480, "Page": 5, "Path": "//Document/Table/TR[7]/TD[3]/P", "Text": "Continue work on finishing touches and stretch goals for your MVP. By this point, your core functionality and both TAPs should all be in place. It is also a good point to start working on stretch goals that could further expand on the functionality (and technical complexity) of your project. ", "TextSize": 6.3708038330078125, "attributes": {"LineHeight": 8.25}}, {"Bounds": [116.03713989257812, 554.0836791992188, 300.29978942871094, 578.5985260009766], "Font": {"alt_family_name": "Optimistic Display", "embedded": true, "encoding": "Identity-H", "family_name": "Optimistic Display", "font_type": "CIDFontType2", "italic": false, "monospaced": false, "name": "AAAAAA+OptimisticDisplay-Light", "subset": true, "weight": 300}, "HasClip": true, "Lang": "en", "ObjectID": 481, "Page": 5, "Path": "//Document/Table/TR[7]/TD[3]/P[2]", "Text": "This week you also have to submit your self-review, make sure you allocate enough time for this alongside your final submission for your project! ", "TextSize": 6.3708038330078125, "attributes": {"LineHeight": 8.125}}, {"ObjectID": 476, "Path": "//Document/Table/TR[7]/TD[4]", "attributes": {"BBox": [304.0679999999993, 551.7699999999895, 583.1759999999776, 630.9669999999751], "BlockAlign": "Before", "BorderColor": [[0, 0, 0], [0, 0, 0], null, null], "BorderStyle": ["Double", "Double", "None", "None"], "BorderThickness": [0.125, 0.125, 0, 0], "ColIndex": 3, "Height": 79.25, "InlineAlign": "Start", "RowIndex": 6, "Width": 279.125}}, {"Bounds": [44.97349548339844, 539.9021301269531, 50.59254455566406, 547.9994201660156], "ObjectID": 451, "Page": 5, "Path": "//Document/Table/TR[8]/TD", "attributes": {"BBox": [29.158799999999246, 512.8909999999742, 65.15729999999894, 551.8899999999849], "BlockAlign": "Before", "ColIndex": 0, "Height": 39, "InlineAlign": "Center", "RowIndex": 7, "Width": 36}}, {"Bounds": [44.97349548339844, 539.9021301269531, 50.59254455566406, 547.9994201660156], "Font": {"alt_family_name": "Optimistic Display", "embedded": true, "encoding": "Identity-H", "family_name": "Optimistic Display", "font_type": "CIDFontType2", "italic": false, "monospaced": false, "name": "AAAAAA+OptimisticDisplay-Light", "subset": true, "weight": 300}, "HasClip": true, "Lang": "en", "ObjectID": 468, "Page": 5, "Path": "//Document/Table/TR[8]/TD/P", "Text": "9 ", "TextSize": 6.3708038330078125, "attributes": {"LineHeight": 7.625}}, {"Bounds": [87.18040466308594, 539.9021301269531, 92.7994384765625, 547.9994201660156], "ObjectID": 452, "Page": 5, "Path": "//Document/Table/TR[8]/TD[2]", "attributes": {"BBox": [65.15729999999894, 512.8909999999742, 113.15499999999884, 551.8899999999849], "BlockAlign": "Before", "ColIndex": 1, "Height": 39, "InlineAlign": "Center", "RowIndex": 7, "Width": 48}}, {"Bounds": [87.18040466308594, 539.9021301269531, 92.7994384765625, 547.9994201660156], "Font": {"alt_family_name": "Optimistic Display", "embedded": true, "encoding": "Identity-H", "family_name": "Optimistic Display", "font_type": "CIDFontType2", "italic": false, "monospaced": false, "name": "AAAAAA+OptimisticDisplay-Light", "subset": true, "weight": 300}, "HasClip": true, "Lang": "en", "ObjectID": 463, "Page": 5, "Path": "//Document/Table/TR[8]/TD[2]/P", "Text": "6 ", "TextSize": 6.3708038330078125, "attributes": {"LineHeight": 7.625}}, {"Bounds": [116.00529479980469, 515.2726287841797, 300.6788635253906, 547.9994201660156], "ObjectID": 453, "Page": 5, "Path": "//Document/Table/TR[8]/TD[3]", "attributes": {"BBox": [113.15499999999884, 512.8909999999742, 304.0679999999993, 551.8899999999849], "BackgroundColor": [1, 1, 1], "BlockAlign": "Before", "ColIndex": 2, "Height": 39, "InlineAlign": "Start", "RowIndex": 7, "Width": 190.875}}, {"Bounds": [116.00529479980469, 515.2726287841797, 300.6788635253906, 547.9994201660156], "Font": {"alt_family_name": "Optimistic Display", "embedded": true, "encoding": "Identity-H", "family_name": "Optimistic Display", "font_type": "CIDFontType2", "italic": false, "monospaced": false, "name": "AAAAAA+OptimisticDisplay-Light", "subset": true, "weight": 300}, "HasClip": true, "Lang": "en", "ObjectID": 458, "Page": 5, "Path": "//Document/Table/TR[8]/TD[3]/P", "Text": "It\u2019s time to show others what you have built! Work on a presentation and demo that you will present to other interns to showcase your work. You are also free to continue polishing and expanding on your project! ", "TextSize": 6.3708038330078125, "attributes": {"LineHeight": 8.25}}, {"ObjectID": 454, "Path": "//Document/Table/TR[8]/TD[4]", "attributes": {"BBox": [304.0679999999993, 512.7709999999788, 583.1759999999776, 552.0099999999802], "BlockAlign": "Before", "BorderColor": [[0, 0, 0], [0, 0, 0], null, null], "BorderStyle": ["Double", "Double", "None", "None"], "BorderThickness": [0.125, 0.125, 0, 0], "ColIndex": 3, "Height": 39.25, "InlineAlign": "Start", "RowIndex": 7, "Width": 279.125}}, {"Bounds": [43.37440490722656, 501.0940399169922, 52.19158935546875, 509.1913146972656], "ObjectID": 424, "Page": 5, "Path": "//Document/Table/TR[9]/TD", "attributes": {"BBox": [29.158799999999246, 473.7729999999865, 65.15729999999894, 512.8909999999742], "BlockAlign": "Before", "ColIndex": 0, "Height": 39.125, "InlineAlign": "Center", "RowIndex": 8, "Width": 36}}, {"Bounds": [43.37440490722656, 501.0940399169922, 52.19158935546875, 509.1913146972656], "Font": {"alt_family_name": "Optimistic Display", "embedded": true, "encoding": "Identity-H", "family_name": "Optimistic Display", "font_type": "CIDFontType2", "italic": false, "monospaced": false, "name": "AAAAAA+OptimisticDisplay-Light", "subset": true, "weight": 300}, "HasClip": true, "Lang": "en", "ObjectID": 446, "Page": 5, "Path": "//Document/Table/TR[9]/TD/P", "Text": "10 ", "TextSize": 6.3708038330078125, "attributes": {"LineHeight": 7.625}}, {"Bounds": [87.35870361328125, 501.0940399169922, 92.62098693847656, 509.1913146972656], "ObjectID": 425, "Page": 5, "Path": "//Document/Table/TR[9]/TD[2]", "attributes": {"BBox": [65.15729999999894, 473.7729999999865, 113.15499999999884, 512.8909999999742], "BlockAlign": "Before", "ColIndex": 1, "Height": 39.125, "InlineAlign": "Center", "RowIndex": 8, "Width": 48}}, {"Bounds": [87.35870361328125, 501.0940399169922, 92.62098693847656, 509.1913146972656], "Font": {"alt_family_name": "Optimistic Display", "embedded": true, "encoding": "Identity-H", "family_name": "Optimistic Display", "font_type": "CIDFontType2", "italic": false, "monospaced": false, "name": "AAAAAA+OptimisticDisplay-Light", "subset": true, "weight": 300}, "HasClip": true, "Lang": "en", "ObjectID": 441, "Page": 5, "Path": "//Document/Table/TR[9]/TD[2]/P", "Text": "7 ", "TextSize": 6.3708038330078125, "attributes": {"LineHeight": 7.625}}, {"Bounds": [116.03077697753906, 476.47088623046875, 300.5259552001953, 509.1913146972656], "ObjectID": 426, "Page": 5, "Path": "//Document/Table/TR[9]/TD[3]", "attributes": {"BBox": [113.15499999999884, 473.7729999999865, 304.0679999999993, 512.8909999999742], "BackgroundColor": [1, 1, 1], "BlockAlign": "Middle", "ColIndex": 2, "Height": 39.125, "InlineAlign": "Start", "RowIndex": 8, "Width": 190.875}}, {"Bounds": [116.03077697753906, 476.47088623046875, 300.5259552001953, 509.1913146972656], "Font": {"alt_family_name": "Optimistic Display", "embedded": true, "encoding": "Identity-H", "family_name": "Optimistic Display", "font_type": "CIDFontType2", "italic": false, "monospaced": false, "name": "AAAAAA+OptimisticDisplay-Light", "subset": true, "weight": 300}, "HasClip": true, "Lang": "en", "ObjectID": 431, "Page": 5, "Path": "//Document/Table/TR[9]/TD[3]/P", "Text": "For this week, we have a bunch of extra activities prepared to give you a quick dive of what it is to work at Meta. You will find activities around using internal tools and frameworks, and even committing code to our internal repositories. ", "TextSize": 6.3708038330078125, "attributes": {"LineHeight": 8.25}}, {"ObjectID": 427, "Path": "//Document/Table/TR[9]/TD[4]", "attributes": {"BBox": [304.0679999999993, 473.5329999999958, 583.1759999999776, 513.0109999999986], "BlockAlign": "Before", "BorderColor": [[0, 0, 0], [0, 0, 0], null, null], "BorderStyle": ["Double", "Double", "None", "None"], "BorderThickness": [0.125, 0.25, 0, 0], "ColIndex": 3, "Height": 39.5, "InlineAlign": "Start", "RowIndex": 8, "Width": 279.125}}], "pages": [{"boxes": {"CropBox": [0.0, 0.0, 612.0, 792.0], "MediaBox": [0.0, 0.0, 612.0, 792.0]}, "height": 792.0, "is_scanned": false, "page_number": 0, "rotation": 0, "width": 612.0}, {"boxes": {"CropBox": [0.0, 0.0, 612.0, 792.0], "MediaBox": [0.0, 0.0, 612.0, 792.0]}, "height": 792.0, "is_scanned": false, "page_number": 1, "rotation": 0, "width": 612.0}, {"boxes": {"CropBox": [0.0, 0.0, 612.0, 792.0], "MediaBox": [0.0, 0.0, 612.0, 792.0]}, "height": 792.0, "is_scanned": false, "page_number": 2, "rotation": 0, "width": 612.0}, {"boxes": {"CropBox": [0.0, 0.0, 612.0, 792.0], "MediaBox": [0.0, 0.0, 612.0, 792.0]}, "height": 792.0, "is_scanned": false, "page_number": 3, "rotation": 0, "width": 612.0}, {"boxes": {"CropBox": [0.0, 0.0, 612.0, 792.0], "MediaBox": [0.0, 0.0, 612.0, 792.0]}, "height": 792.0, "is_scanned": false, "page_number": 4, "rotation": 0, "width": 612.0}, {"boxes": {"CropBox": [0.0, 0.0, 612.0, 792.0], "MediaBox": [0.0, 0.0, 612.0, 792.0]}, "height": 792.0, "is_scanned": false, "page_number": 5, "rotation": 0, "width": 612.0}]}